Time,index,reftemp,sens448,sens449,sens450,sens451,sens452,,Position,reftemp,sens448,sens449,sens450,sens451,sens452
1563228425,0,285,241,268,309,266,268,,0,"28,5","24,1","26,8","30,9","26,6","26,8"
1563228426,1,285,238,269,313,267,273,,"0,07535","28,5","23,8","26,9","31,3","26,7","27,3"
1563228427,2,282,238,269,313,267,273,,"0,1507","28,2","23,8","26,9","31,3","26,7","27,3"
1563228428,3,282,243,265,316,271,275,,"0,22605","28,2","24,3","26,5","31,6","27,1","27,5"
1563228429,4,284,233,266,308,270,269,,"0,3014","28,4","23,3","26,6","30,8",27,"26,9"
1563228431,5,287,247,264,315,274,275,,"0,37675","28,7","24,7","26,4","31,5","27,4","27,5"
1563228432,6,289,178,164,147,71,272,,"0,4521","28,9","17,8","16,4","14,7","7,1","27,2"
1563228433,7,289,246,265,310,268,275,,"0,52745","28,9","24,6","26,5",31,"26,8","27,5"
1563228434,8,288,246,265,310,268,275,,"0,6028","28,8","24,6","26,5",31,"26,8","27,5"
1563228435,9,288,246,264,316,268,269,,"0,67815","28,8","24,6","26,4","31,6","26,8","26,9"
1563228436,10,287,256,265,319,274,274,,"0,7535","28,7","25,6","26,5","31,9","27,4","27,4"
1563228438,11,287,247,264,310,272,269,,"0,82885","28,7","24,7","26,4",31,"27,2","26,9"
1563228439,12,285,246,255,303,258,265,,"0,9042","28,5","24,6","25,5","30,3","25,8","26,5"
1563228440,13,285,251,269,315,260,274,,"0,97955","28,5","25,1","26,9","31,5",26,"27,4"
1563228441,14,286,252,269,319,270,277,,"1,0549","28,6","25,2","26,9","31,9",27,"27,7"
1563228442,15,286,249,269,321,262,275,,"1,13025","28,6","24,9","26,9","32,1","26,2","27,5"
1563228443,16,288,249,269,321,262,275,,"1,2056","28,8","24,9","26,9","32,1","26,2","27,5"
1563228444,17,288,247,263,321,264,266,,"1,28095","28,8","24,7","26,3","32,1","26,4","26,6"
1563228445,18,286,246,268,318,264,273,,"1,3563","28,6","24,6","26,8","31,8","26,4","27,3"
1563228447,19,288,245,270,318,259,271,,"1,43165","28,8","24,5",27,"31,8","25,9","27,1"
1563228448,20,287,226,237,286,250,252,,"1,507","28,7","22,6","23,7","28,6",25,"25,2"
1563228449,21,287,247,272,317,259,270,,"1,58235","28,7","24,7","27,2","31,7","25,9",27
1563228450,22,284,247,272,317,259,270,,"1,6577","28,4","24,7","27,2","31,7","25,9",27
1563228451,23,284,254,266,313,263,268,,"1,73305","28,4","25,4","26,6","31,3","26,3","26,8"
1563228452,24,284,245,267,317,264,266,,"1,8084","28,4","24,5","26,7","31,7","26,4","26,6"
1563228454,25,303,246,265,319,258,270,,"1,88375","30,3","24,6","26,5","31,9","25,8",27
1563228455,26,333,251,263,324,265,265,,"1,9591","33,3","25,1","26,3","32,4","26,5","26,5"
1563228456,27,333,249,266,336,267,268,,"2,03445","33,3","24,9","26,6","33,6","26,7","26,8"
1563228457,28,331,243,269,348,263,269,,"2,1098","33,1","24,3","26,9","34,8","26,3","26,9"
1563228458,29,331,242,270,361,264,269,,"2,18515","33,1","24,2",27,"36,1","26,4","26,9"
1563228459,30,341,242,270,361,264,269,,"2,2605","34,1","24,2",27,"36,1","26,4","26,9"
1563228460,31,341,247,265,388,263,267,,"2,33585","34,1","24,7","26,5","38,8","26,3","26,7"
1563228462,32,345,249,269,397,264,264,,"2,4112","34,5","24,9","26,9","39,7","26,4","26,4"
1563228463,33,401,252,261,397,263,263,,"2,48655","40,1","25,2","26,1","39,7","26,3","26,3"
1563228464,34,401,249,267,403,264,268,,"2,5619","40,1","24,9","26,7","40,3","26,4","26,8"
1563228465,35,384,244,267,409,262,270,,"2,63725","38,4","24,4","26,7","40,9","26,2",27
1563228466,36,384,249,269,423,262,257,,"2,7126","38,4","24,9","26,9","42,3","26,2","25,7"
1563228467,37,431,249,269,423,262,257,,"2,78795","43,1","24,9","26,9","42,3","26,2","25,7"
1563228468,38,431,241,269,440,257,263,,"2,8633","43,1","24,1","26,9",44,"25,7","26,3"
1563228469,39,411,247,266,442,261,264,,"2,93865","41,1","24,7","26,6","44,2","26,1","26,4"
1563228471,40,398,245,271,445,266,262,,"3,014","39,8","24,5","27,1","44,5","26,6","26,2"
1563228472,41,402,243,261,459,255,264,,"3,08935","40,2","24,3","26,1","45,9","25,5","26,4"
1563228473,42,402,242,266,458,254,259,,"3,1647","40,2","24,2","26,6","45,8","25,4","25,9"
1563228474,43,407,242,266,458,254,259,,"3,24005","40,7","24,2","26,6","45,8","25,4","25,9"
1563228475,44,407,228,237,411,237,256,,"3,3154","40,7","22,8","23,7","41,1","23,7","25,6"
1563228476,45,397,227,236,412,245,255,,"3,39075","39,7","22,7","23,6","41,2","24,5","25,5"
1563228478,46,395,243,263,464,257,263,,"3,4661","39,5","24,3","26,3","46,4","25,7","26,3"
1563228479,47,393,240,272,468,255,260,,"3,54145","39,3",24,"27,2","46,8","25,5",26
1563228480,48,393,238,266,478,263,250,,"3,6168","39,3","23,8","26,6","47,8","26,3",25
1563228481,49,407,238,266,478,263,250,,"3,69215","40,7","23,8","26,6","47,8","26,3",25
1563228482,50,407,236,268,476,253,267,,"3,7675","40,7","23,6","26,8","47,6","25,3","26,7"
1563228483,51,407,238,266,481,251,254,,"3,84285","40,7","23,8","26,6","48,1","25,1","25,4"
1563228484,52,407,238,264,485,253,255,,"3,9182","40,7","23,8","26,4","48,5","25,3","25,5"
1563228485,53,435,242,268,478,257,263,,"3,99355","43,5","24,2","26,8","47,8","25,7","26,3"
1563228487,54,460,239,262,498,261,257,,"4,0689",46,"23,9","26,2","49,8","26,1","25,7"
1563228488,55,469,233,258,498,258,259,,"4,14425","46,9","23,3","25,8","49,8","25,8","25,9"
1563228489,56,469,234,262,515,260,259,,"4,2196","46,9","23,4","26,2","51,5",26,"25,9"
1563228490,57,479,234,262,515,260,259,,"4,29495","47,9","23,4","26,2","51,5",26,"25,9"
1563228491,58,479,241,264,534,260,269,,"4,3703","47,9","24,1","26,4","53,4",26,"26,9"
1563228492,59,520,241,264,542,256,256,,"4,44565",52,"24,1","26,4","54,2","25,6","25,6"
1563228494,60,565,242,261,557,251,257,,"4,521","56,5","24,2","26,1","55,7","25,1","25,7"
1563228495,61,627,238,267,567,253,256,,"4,59635","62,7","23,8","26,7","56,7","25,3","25,6"
1563228496,62,627,241,266,572,258,252,,"4,6717","62,7","24,1","26,6","57,2","25,8","25,2"
1563228497,63,589,238,266,589,258,257,,"4,74705","58,9","23,8","26,6","58,9","25,8","25,7"
1563228498,64,589,243,271,592,260,256,,"4,8224","58,9","24,3","27,1","59,2",26,"25,6"
1563228499,65,614,243,271,592,260,256,,"4,89775","61,4","24,3","27,1","59,2",26,"25,6"
1563228500,66,614,240,276,597,264,257,,"4,9731","61,4",24,"27,6","59,7","26,4","25,7"
1563228501,67,640,238,274,599,258,256,,"5,04845",64,"23,8","27,4","59,9","25,8","25,6"
1563228503,68,652,245,274,607,253,261,,"5,1238","65,2","24,5","27,4","60,7","25,3","26,1"
1563228504,69,631,237,273,614,261,259,,"5,19915","63,1","23,7","27,3","61,4","26,1","25,9"
1563228505,70,631,242,274,614,258,264,,"5,2745","63,1","24,2","27,4","61,4","25,8","26,4"
1563228506,71,575,242,274,614,258,264,,"5,34985","57,5","24,2","27,4","61,4","25,8","26,4"
1563228507,72,575,246,278,626,266,255,,"5,4252","57,5","24,6","27,8","62,6","26,6","25,5"
1563228508,73,578,246,271,626,268,262,,"5,50055","57,8","24,6","27,1","62,6","26,8","26,2"
1563228510,74,552,244,277,625,261,254,,"5,5759","55,2","24,4","27,7","62,5","26,1","25,4"
1563228511,75,552,242,277,626,257,261,,"5,65125","55,2","24,2","27,7","62,6","25,7","26,1"
1563228512,76,552,225,252,558,252,249,,"5,7266","55,2","22,5","25,2","55,8","25,2","24,9"
1563228513,77,557,227,252,557,249,246,,"5,80195","55,7","22,7","25,2","55,7","24,9","24,6"
1563228514,78,557,244,271,627,268,258,,"5,8773","55,7","24,4","27,1","62,7","26,8","25,8"
1563228515,79,633,244,271,627,268,258,,"5,95265","63,3","24,4","27,1","62,7","26,8","25,8"
1563228516,80,633,227,261,629,263,256,,"6,028","63,3","22,7","26,1","62,9","26,3","25,6"
1563228517,81,669,239,276,637,259,265,,"6,10335","66,9","23,9","27,6","63,7","25,9","26,5"
1563228519,82,670,267,279,657,265,258,,"6,1787",67,"26,7","27,9","65,7","26,5","25,8"
1563228520,83,678,238,281,665,254,260,,"6,25405","67,8","23,8","28,1","66,5","25,4",26
1563228521,84,678,238,278,678,268,251,,"6,3294","67,8","23,8","27,8","67,8","26,8","25,1"
1563228522,85,677,238,278,678,268,251,,"6,40475","67,7","23,8","27,8","67,8","26,8","25,1"
1563228523,86,677,236,264,685,260,229,,"6,4801","67,7","23,6","26,4","68,5",26,"22,9"
1563228524,87,680,244,288,698,267,257,,"6,55545",68,"24,4","28,8","69,8","26,7","25,7"
1563228526,88,671,242,282,696,276,263,,"6,6308","67,1","24,2","28,2","69,6","27,6","26,3"
1563228527,89,699,219,308,1318,1413,32767,,"6,70615","69,9","21,9","30,8","131,8","141,3","3276,7"
1563228528,90,699,185,236,684,258,247,,"6,7815","69,9","18,5","23,6","68,4","25,8","24,7"
1563228529,91,696,185,236,684,258,247,,"6,85685","69,6","18,5","23,6","68,4","25,8","24,7"
1563228530,92,696,236,284,730,270,253,,"6,9322","69,6","23,6","28,4",73,27,"25,3"
1563228531,93,682,245,287,723,289,254,,"7,00755","68,2","24,5","28,7","72,3","28,9","25,4"
1563228533,94,686,228,269,643,263,252,,"7,0829","68,6","22,8","26,9","64,3","26,3","25,2"
1563228534,95,677,238,277,736,287,250,,"7,15825","67,7","23,8","27,7","73,6","28,7",25
1563228535,96,677,245,290,740,282,256,,"7,2336","67,7","24,5",29,74,"28,2","25,6"
1563228536,97,698,245,290,740,282,256,,"7,30895","69,8","24,5",29,74,"28,2","25,6"
1563228537,98,698,239,291,735,276,253,,"7,3843","69,8","23,9","29,1","73,5","27,6","25,3"
1563228538,99,710,235,292,738,280,258,,"7,45965",71,"23,5","29,2","73,8",28,"25,8"
1563228540,100,712,245,293,744,285,251,,"7,535","71,2","24,5","29,3","74,4","28,5","25,1"
1563228541,101,706,245,295,746,289,267,,"7,61035","70,6","24,5","29,5","74,6","28,9","26,7"
1563228542,102,706,243,298,743,280,261,,"7,6857","70,6","24,3","29,8","74,3",28,"26,1"
1563228543,103,734,243,298,743,280,261,,"7,76105","73,4","24,3","29,8","74,3",28,"26,1"
1563228544,104,734,251,300,748,280,261,,"7,8364","73,4","25,1",30,"74,8",28,"26,1"
1563228545,105,804,230,274,664,265,253,,"7,91175","80,4",23,"27,4","66,4","26,5","25,3"
1563228547,106,821,248,301,761,298,257,,"7,9871","82,1","24,8","30,1","76,1","29,8","25,7"
1563228548,107,822,247,305,772,296,249,,"8,06245","82,2","24,7","30,5","77,2","29,6","24,9"
1563228549,108,822,238,301,790,284,249,,"8,1378","82,2","23,8","30,1",79,"28,4","24,9"
1563228550,109,832,237,298,787,284,248,,"8,21315","83,2","23,7","29,8","78,7","28,4","24,8"
1563228551,110,832,241,308,777,290,252,,"8,2885","83,2","24,1","30,8","77,7",29,"25,2"
1563228552,111,843,241,308,777,290,252,,"8,36385","84,3","24,1","30,8","77,7",29,"25,2"
1563228553,112,843,228,293,782,298,260,,"8,4392","84,3","22,8","29,3","78,2","29,8",26
1563228554,113,838,243,309,791,298,247,,"8,51455","83,8","24,3","30,9","79,1","29,8","24,7"
1563228556,114,847,224,290,788,299,253,,"8,5899","84,7","22,4",29,"78,8","29,9","25,3"
1563228557,115,859,240,311,820,301,250,,"8,66525","85,9",24,"31,1",82,"30,1",25
1563228558,116,859,240,314,801,310,257,,"8,7406","85,9",24,"31,4","80,1",31,"25,7"
1563228559,117,854,240,314,801,310,257,,"8,81595","85,4",24,"31,4","80,1",31,"25,7"
1563228560,118,854,215,268,660,240,182,,"8,8913","85,4","21,5","26,8",66,24,"18,2"
1563228561,119,854,186,223,525,252,232,,"8,96665","85,4","18,6","22,3","52,5","25,2","23,2"
1563228563,120,857,245,314,800,312,248,,"9,042","85,7","24,5","31,4",80,"31,2","24,8"
1563228564,121,862,245,326,812,307,261,,"9,11735","86,2","24,5","32,6","81,2","30,7","26,1"
1563228565,122,862,245,326,812,307,256,,"9,1927","86,2","24,5","32,6","81,2","30,7","25,6"
1563228566,123,844,252,329,814,311,262,,"9,26805","84,4","25,2","32,9","81,4","31,1","26,2"
1563228567,124,844,252,326,816,315,261,,"9,3434","84,4","25,2","32,6","81,6","31,5","26,1"
1563228568,125,881,252,326,816,315,261,,"9,41875","88,1","25,2","32,6","81,6","31,5","26,1"
1563228569,126,881,247,328,811,320,255,,"9,4941","88,1","24,7","32,8","81,1",32,"25,5"
1563228570,127,922,236,319,840,314,248,,"9,56945","92,2","23,6","31,9",84,"31,4","24,8"
1563228572,128,940,249,333,825,324,260,,"9,6448",94,"24,9","33,3","82,5","32,4",26
1563228573,129,1016,246,329,827,327,262,,"9,72015","101,6","24,6","32,9","82,7","32,7","26,2"
1563228574,130,1016,244,325,830,328,256,,"9,7955","101,6","24,4","32,5",83,"32,8","25,6"
1563228575,131,1007,244,325,830,328,256,,"9,87085","100,7","24,4","32,5",83,"32,8","25,6"
1563228576,132,1007,265,324,841,341,260,,"9,9462","100,7","26,5","32,4","84,1","34,1",26
1563228577,133,1005,243,323,855,348,260,,"10,02155","100,5","24,3","32,3","85,5","34,8",26
1563228579,134,1009,244,324,863,346,252,,"10,0969","100,9","24,4","32,4","86,3","34,6","25,2"
1563228581,135,1008,247,317,857,365,252,,"10,17225","100,8","24,7","31,7","85,7","36,5","25,2"
1563228582,136,1008,242,320,869,359,247,,"10,2476","100,8","24,2",32,"86,9","35,9","24,7"
1563228583,137,1007,244,328,870,360,261,,"10,32295","100,7","24,4","32,8",87,36,"26,1"
1563228584,138,1007,246,327,875,366,258,,"10,3983","100,7","24,6","32,7","87,5","36,6","25,8"
1563228585,139,1005,246,327,875,366,258,,"10,47365","100,5","24,6","32,7","87,5","36,6","25,8"
1563228586,140,1005,245,332,885,362,259,,"10,549","100,5","24,5","33,2","88,5","36,2","25,9"
1563228587,141,1004,251,323,877,370,262,,"10,62435","100,4","25,1","32,3","87,7",37,"26,2"
1563228589,142,1001,247,327,876,380,257,,"10,6997","100,1","24,7","32,7","87,6",38,"25,7"
1563228590,143,1004,256,327,883,375,254,,"10,77505","100,4","25,6","32,7","88,3","37,5","25,4"
1563228591,144,1004,232,334,882,365,258,,"10,8504","100,4","23,2","33,4","88,2","36,5","25,8"
1563228592,145,1004,232,334,882,365,258,,"10,92575","100,4","23,2","33,4","88,2","36,5","25,8"
1563228593,146,1004,242,320,885,371,255,,"11,0011","100,4","24,2",32,"88,5","37,1","25,5"
1563228594,147,1003,247,328,884,370,254,,"11,07645","100,3","24,7","32,8","88,4",37,"25,4"
1563228596,148,1006,241,332,885,368,261,,"11,1518","100,6","24,1","33,2","88,5","36,8","26,1"
1563228597,149,1002,245,327,883,381,264,,"11,22715","100,2","24,5","32,7","88,3","38,1","26,4"
1563228598,150,1002,242,331,885,374,264,,"11,3025","100,2","24,2","33,1","88,5","37,4","26,4"
1563228599,151,1004,242,331,885,374,264,,"11,37785","100,4","24,2","33,1","88,5","37,4","26,4"
1563228600,152,1004,237,330,914,370,252,,"11,4532","100,4","23,7",33,"91,4",37,"25,2"
1563228601,153,1003,243,328,884,370,258,,"11,52855","100,3","24,3","32,8","88,4",37,"25,8"
1563228603,154,1021,242,326,887,374,259,,"11,6039","102,1","24,2","32,6","88,7","37,4","25,9"
1563228604,155,1064,243,327,886,376,256,,"11,67925","106,4","24,3","32,7","88,6","37,6","25,6"
1563228605,156,1064,242,323,890,376,250,,"11,7546","106,4","24,2","32,3",89,"37,6",25
1563228606,157,1071,237,325,891,381,259,,"11,82995","107,1","23,7","32,5","89,1","38,1","25,9"
1563228607,158,1071,239,332,895,385,259,,"11,9053","107,1","23,9","33,2","89,5","38,5","25,9"
1563228608,159,1075,239,332,895,385,259,,"11,98065","107,5","23,9","33,2","89,5","38,5","25,9"
1563228609,160,1075,241,329,903,397,264,,"12,056","107,5","24,1","32,9","90,3","39,7","26,4"
1563228610,161,1082,243,324,909,399,266,,"12,13135","108,2","24,3","32,4","90,9","39,9","26,6"
1563228612,162,1087,240,324,903,405,260,,"12,2067","108,7",24,"32,4","90,3","40,5",26
1563228613,163,1081,267,327,915,414,266,,"12,28205","108,1","26,7","32,7","91,5","41,4","26,6"
1563228614,164,1081,236,322,915,406,262,,"12,3574","108,1","23,6","32,2","91,5","40,6","26,2"
1563228615,165,1085,232,312,920,410,236,,"12,43275","108,5","23,2","31,2",92,41,"23,6"
1563228616,166,1085,241,323,917,421,267,,"12,5081","108,5","24,1","32,3","91,7","42,1","26,7"
1563228617,167,1088,241,323,917,421,267,,"12,58345","108,8","24,1","32,3","91,7","42,1","26,7"
1563228618,168,1094,241,324,929,420,264,,"12,6588","109,4","24,1","32,4","92,9",42,"26,4"
1563228619,169,1094,241,318,925,433,261,,"12,73415","109,4","24,1","31,8","92,5","43,3","26,1"
1563228620,170,1098,241,328,929,439,272,,"12,8095","109,8","24,1","32,8","92,9","43,9","27,2"
1563228621,171,1098,243,316,924,440,268,,"12,88485","109,8","24,3","31,6","92,4",44,"26,8"
1563228622,172,1095,240,326,932,439,281,,"12,9602","109,5",24,"32,6","93,2","43,9","28,1"
1563228623,173,1095,241,328,937,448,273,,"13,03555","109,5","24,1","32,8","93,7","44,8","27,3"
1563228624,174,1092,241,328,937,448,273,,"13,1109","109,2","24,1","32,8","93,7","44,8","27,3"
1563228625,175,1092,244,323,934,449,271,,"13,18625","109,2","24,4","32,3","93,4","44,9","27,1"
1563228626,176,1092,247,325,935,453,283,,"13,2616","109,2","24,7","32,5","93,5","45,3","28,3"
1563228628,177,1105,244,323,935,443,249,,"13,33695","110,5","24,4","32,3","93,5","44,3","24,9"
1563228629,178,1101,229,334,958,443,213,,"13,4123","110,1","22,9","33,4","95,8","44,3","21,3"
1563228630,179,1101,245,348,942,454,290,,"13,48765","110,1","24,5","34,8","94,2","45,4",29
1563228631,180,1098,245,348,942,454,290,,"13,563","109,8","24,5","34,8","94,2","45,4",29
1563228632,181,1098,243,345,967,437,244,,"13,63835","109,8","24,3","34,5","96,7","43,7","24,4"
1563228633,182,1112,249,351,943,449,270,,"13,7137","111,2","24,9","35,1","94,3","44,9",27
1563228635,183,1121,247,352,944,451,280,,"13,78905","112,1","24,7","35,2","94,4","45,1",28
1563228636,184,1116,278,353,944,447,273,,"13,8644","111,6","27,8","35,3","94,4","44,7","27,3"
1563228637,185,1116,274,352,945,447,268,,"13,93975","111,6","27,4","35,2","94,5","44,7","26,8"
1563228638,186,1119,249,359,946,449,279,,"14,0151","111,9","24,9","35,9","94,6","44,9","27,9"
1563228639,187,1119,256,353,941,452,274,,"14,09045","111,9","25,6","35,3","94,1","45,2","27,4"
1563228640,188,1118,256,353,941,452,274,,"14,1658","111,8","25,6","35,3","94,1","45,2","27,4"
1563228641,189,1118,248,356,950,460,279,,"14,24115","111,8","24,8","35,6",95,46,"27,9"
1563228642,190,1121,224,318,876,424,252,,"14,3165","112,1","22,4","31,8","87,6","42,4","25,2"
1563228644,191,1122,234,338,953,456,266,,"14,39185","112,2","23,4","33,8","95,3","45,6","26,6"
1563228645,192,1120,286,351,950,459,283,,"14,4672",112,"28,6","35,1",95,"45,9","28,3"
1563228646,193,1120,250,343,952,466,271,,"14,54255",112,25,"34,3","95,2","46,6","27,1"
1563228647,194,1123,250,343,952,466,271,,"14,6179","112,3",25,"34,3","95,2","46,6","27,1"
1563228648,195,1123,246,346,955,464,274,,"14,69325","112,3","24,6","34,6","95,5","46,4","27,4"
1563228649,196,1122,246,349,952,461,279,,"14,7686","112,2","24,6","34,9","95,2","46,1","27,9"
1563228651,197,1119,256,353,958,455,277,,"14,84395","111,9","25,6","35,3","95,8","45,5","27,7"
1563228652,198,1121,251,346,952,463,271,,"14,9193","112,1","25,1","34,6","95,2","46,3","27,1"
1563228653,199,1121,248,342,956,461,268,,"14,99465","112,1","24,8","34,2","95,6","46,1","26,8"
1563228654,200,1120,248,341,955,462,269,,"15,07",112,"24,8","34,1","95,5","46,2","26,9"
1563228655,201,1120,231,329,949,454,266,,"15,14535",112,"23,1","32,9","94,9","45,4","26,6"
1563228656,202,1122,231,329,949,454,266,,"15,2207","112,2","23,1","32,9","94,9","45,4","26,6"
1563228657,203,1122,249,339,953,477,267,,"15,29605","112,2","24,9","33,9","95,3","47,7","26,7"
1563228658,204,1124,252,349,953,469,277,,"15,3714","112,4","25,2","34,9","95,3","46,9","27,7"
1563228660,205,1123,256,342,958,470,273,,"15,44675","112,3","25,6","34,2","95,8",47,"27,3"
1563228661,206,1125,258,342,953,466,270,,"15,5221","112,5","25,8","34,2","95,3","46,6",27
1563228662,207,1125,239,336,948,461,257,,"15,59745","112,5","23,9","33,6","94,8","46,1","25,7"
1563228663,208,1141,239,336,948,461,257,,"15,6728","114,1","23,9","33,6","94,8","46,1","25,7"
1563228664,209,1141,232,332,953,478,269,,"15,74815","114,1","23,2","33,2","95,3","47,8","26,9"
1563228665,210,1147,251,336,957,462,265,,"15,8235","114,7","25,1","33,6","95,7","46,2","26,5"
1563228667,211,1147,249,353,962,474,272,,"15,89885","114,7","24,9","35,3","96,2","47,4","27,2"
1563228668,212,1152,247,338,919,455,263,,"15,9742","115,2","24,7","33,8","91,9","45,5","26,3"
1563228669,213,1152,255,351,960,475,274,,"16,04955","115,2","25,5","35,1",96,"47,5","27,4"
1563228670,214,1157,256,343,963,482,268,,"16,1249","115,7","25,6","34,3","96,3","48,2","26,8"
1563228671,215,1157,197,237,620,389,250,,"16,20025","115,7","19,7","23,7",62,"38,9",25
1563228672,216,1159,197,237,620,389,250,,"16,2756","115,9","19,7","23,7",62,"38,9",25
1563228673,217,1159,216,331,947,498,292,,"16,35095","115,9","21,6","33,1","94,7","49,8","29,2"
1563228674,218,1151,249,344,964,481,274,,"16,4263","115,1","24,9","34,4","96,4","48,1","27,4"
1563228675,219,1149,245,351,968,481,272,,"16,50165","114,9","24,5","35,1","96,8","48,1","27,2"
1563228676,220,1149,228,311,853,449,264,,"16,577","114,9","22,8","31,1","85,3","44,9","26,4"
1563228677,221,1155,247,350,962,474,271,,"16,65235","115,5","24,7",35,"96,2","47,4","27,1"
1563228678,222,1155,227,310,843,457,266,,"16,7277","115,5","22,7",31,"84,3","45,7","26,6"
1563228679,223,1151,227,310,843,457,266,,"16,80305","115,1","22,7",31,"84,3","45,7","26,6"
1563228680,224,1151,242,353,960,488,279,,"16,8784","115,1","24,2","35,3",96,"48,8","27,9"
1563228681,225,1154,237,344,971,470,253,,"16,95375","115,4","23,7","34,4","97,1",47,"25,3"
1563228683,226,1156,245,358,971,483,285,,"17,0291","115,6","24,5","35,8","97,1","48,3","28,5"
1563228684,227,1157,247,361,967,476,275,,"17,10445","115,7","24,7","36,1","96,7","47,6","27,5"
1563228685,228,1157,235,355,978,482,261,,"17,1798","115,7","23,5","35,5","97,8","48,2","26,1"
1563228686,229,1156,235,355,978,482,261,,"17,25515","115,6","23,5","35,5","97,8","48,2","26,1"
1563228687,230,1156,247,355,976,490,269,,"17,3305","115,6","24,7","35,5","97,6",49,"26,9"
1563228688,231,1152,230,328,852,456,268,,"17,40585","115,2",23,"32,8","85,2","45,6","26,8"
1563228690,232,1151,241,363,964,494,285,,"17,4812","115,1","24,1","36,3","96,4","49,4","28,5"
1563228691,233,1155,238,356,967,499,281,,"17,55655","115,5","23,8","35,6","96,7","49,9","28,1"
1563228692,234,1155,244,343,970,500,295,,"17,6319","115,5","24,4","34,3",97,50,"29,5"
1563228693,235,1158,238,343,973,506,280,,"17,70725","115,8","23,8","34,3","97,3","50,6",28
1563228694,236,1158,231,332,856,473,285,,"17,7826","115,8","23,1","33,2","85,6","47,3","28,5"
1563228695,237,1156,269,361,975,499,289,,"17,85795","115,6","26,9","36,1","97,5","49,9","28,9"
1563228696,238,1156,243,363,973,500,278,,"17,9333","115,6","24,3","36,3","97,3",50,"27,8"
1563228697,239,1154,244,376,989,509,285,,"18,00865","115,4","24,4","37,6","98,9","50,9","28,5"
1563228698,240,1152,245,370,990,506,285,,"18,084","115,2","24,5",37,99,"50,6","28,5"
1563228700,241,1152,219,340,855,467,274,,"18,15935","115,2","21,9",34,"85,5","46,7","27,4"
1563228701,242,1148,245,381,971,498,292,,"18,2347","114,8","24,5","38,1","97,1","49,8","29,2"
1563228702,243,1148,239,373,978,483,272,,"18,31005","114,8","23,9","37,3","97,8","48,3","27,2"
1563228703,244,1146,239,373,978,483,272,,"18,3854","114,6","23,9","37,3","97,8","48,3","27,2"
1563228704,245,1146,143,372,944,513,310,,"18,46075","114,6","14,3","37,2","94,4","51,3",31
1563228705,246,1149,272,382,971,504,280,,"18,5361","114,9","27,2","38,2","97,1","50,4",28
1563228707,247,1153,248,388,970,506,288,,"18,61145","115,3","24,8","38,8",97,"50,6","28,8"
1563228708,248,1148,244,391,969,503,286,,"18,6868","114,8","24,4","39,1","96,9","50,3","28,6"
1563228709,249,1148,246,390,966,501,290,,"18,76215","114,8","24,6",39,"96,6","50,1",29
1563228710,250,1152,241,387,968,507,288,,"18,8375","115,2","24,1","38,7","96,8","50,7","28,8"
1563228711,251,1152,240,385,966,507,287,,"18,91285","115,2",24,"38,5","96,6","50,7","28,7"
1563228712,252,1150,240,385,966,507,287,,"18,9882",115,24,"38,5","96,6","50,7","28,7"
1563228713,253,1150,246,387,974,501,274,,"19,06355",115,"24,6","38,7","97,4","50,1","27,4"
1563228714,254,1154,239,392,968,507,288,,"19,1389","115,4","23,9","39,2","96,8","50,7","28,8"
1563228715,255,1154,228,361,848,479,276,,"19,21425","115,4","22,8","36,1","84,8","47,9","27,6"
1563228716,256,1154,244,393,968,509,286,,"19,2896","115,4","24,4","39,3","96,8","50,9","28,6"
1563228717,257,1156,242,396,966,506,278,,"19,36495","115,6","24,2","39,6","96,6","50,6","27,8"
1563228718,258,1156,228,394,974,486,247,,"19,4403","115,6","22,8","39,4","97,4","48,6","24,7"
1563228719,259,1155,228,394,974,486,247,,"19,51565","115,5","22,8","39,4","97,4","48,6","24,7"
1563228720,260,1155,210,347,786,380,170,,"19,591","115,5",21,"34,7","78,6",38,17
1563228721,261,1154,243,409,970,508,285,,"19,66635","115,4","24,3","40,9",97,"50,8","28,5"
1563228723,262,1151,239,407,974,508,283,,"19,7417","115,1","23,9","40,7","97,4","50,8","28,3"
1563228724,263,1142,251,404,972,507,289,,"19,81705","114,2","25,1","40,4","97,2","50,7","28,9"
1563228725,264,1142,241,403,972,508,286,,"19,8924","114,2","24,1","40,3","97,2","50,8","28,6"
1563228726,265,1140,238,403,972,508,286,,"19,96775",114,"23,8","40,3","97,2","50,8","28,6"
1563228727,266,1140,247,404,969,507,283,,"20,0431",114,"24,7","40,4","96,9","50,7","28,3"
1563228728,267,1133,246,410,969,505,282,,"20,11845","113,3","24,6",41,"96,9","50,5","28,2"
1563228729,268,1133,251,406,967,496,279,,"20,1938","113,3","25,1","40,6","96,7","49,6","27,9"
1563228730,269,1133,245,405,960,501,275,,"20,26915","113,3","24,5","40,5",96,"50,1","27,5"
1563228731,270,1131,248,409,963,495,276,,"20,3445","113,1","24,8","40,9","96,3","49,5","27,6"
1563228732,271,1131,243,400,961,509,278,,"20,41985","113,1","24,3",40,"96,1","50,9","27,8"
1563228733,272,1134,239,402,967,504,288,,"20,4952","113,4","23,9","40,2","96,7","50,4","28,8"
1563228734,273,1134,247,412,961,501,287,,"20,57055","113,4","24,7","41,2","96,1","50,1","28,7"
1563228735,274,1139,247,412,961,501,287,,"20,6459","113,9","24,7","41,2","96,1","50,1","28,7"
1563228736,275,1139,245,400,958,499,284,,"20,72125","113,9","24,5",40,"95,8","49,9","28,4"
1563228739,276,1136,241,400,959,498,276,,"20,7966","113,6","24,1",40,"95,9","49,8","27,6"
1563228740,277,1136,247,403,963,502,278,,"20,87195","113,6","24,7","40,3","96,3","50,2","27,8"
1563228741,278,1136,233,368,844,464,275,,"20,9473","113,6","23,3","36,8","84,4","46,4","27,5"
1563228742,279,1134,234,395,963,478,258,,"21,02265","113,4","23,4","39,5","96,3","47,8","25,8"
1563228743,280,1134,280,390,931,503,306,,"21,098","113,4",28,39,"93,1","50,3","30,6"
1563228744,281,1127,244,395,961,496,279,,"21,17335","112,7","24,4","39,5","96,1","49,6","27,9"
1563228745,282,1127,221,361,840,462,255,,"21,2487","112,7","22,1","36,1",84,"46,2","25,5"
1563228746,283,1129,244,396,957,497,273,,"21,32405","112,9","24,4","39,6","95,7","49,7","27,3"
1563228747,284,1141,226,366,845,465,273,,"21,3994","114,1","22,6","36,6","84,5","46,5","27,3"
1563228748,285,1141,224,366,843,458,274,,"21,47475","114,1","22,4","36,6","84,3","45,8","27,4"
1563228749,286,1146,186,267,623,404,262,,"21,5501","114,6","18,6","26,7","62,3","40,4","26,2"
1563228750,287,1146,239,404,955,483,275,,"21,62545","114,6","23,9","40,4","95,5","48,3","27,5"
1563228751,288,1144,239,404,955,483,275,,"21,7008","114,4","23,9","40,4","95,5","48,3","27,5"
1563228752,289,1144,247,409,957,481,270,,"21,77615","114,4","24,7","40,9","95,7","48,1",27
1563228753,290,1145,225,394,963,487,265,,"21,8515","114,5","22,5","39,4","96,3","48,7","26,5"
1563228755,291,1139,237,427,997,488,264,,"21,92685","113,9","23,7","42,7","99,7","48,8","26,4"
1563228756,292,1148,224,397,959,486,270,,"22,0022","114,8","22,4","39,7","95,9","48,6",27
1563228757,293,1148,244,422,966,481,267,,"22,07755","114,8","24,4","42,2","96,6","48,1","26,7"
1563228758,294,1146,243,425,967,482,275,,"22,1529","114,6","24,3","42,5","96,7","48,2","27,5"
1563228759,295,1146,231,424,964,487,271,,"22,22825","114,6","23,1","42,4","96,4","48,7","27,1"
1563228760,296,1151,231,423,962,484,282,,"22,3036","115,1","23,1","42,3","96,2","48,4","28,2"
1563228761,297,1151,244,423,967,487,266,,"22,37895","115,1","24,4","42,3","96,7","48,7","26,6"
1563228762,298,1149,231,417,967,474,245,,"22,4543","114,9","23,1","41,7","96,7","47,4","24,5"
1563228763,299,1146,229,415,970,489,276,,"22,52965","114,6","22,9","41,5",97,"48,9","27,6"
1563228764,300,1146,252,428,969,496,285,,"22,605","114,6","25,2","42,8","96,9","49,6","28,5"
1563228765,301,1152,245,429,972,489,276,,"22,68035","115,2","24,5","42,9","97,2","48,9","27,6"
1563228766,302,1152,241,427,960,483,269,,"22,7557","115,2","24,1","42,7",96,"48,3","26,9"
1563228767,303,1144,241,427,960,483,269,,"22,83105","114,4","24,1","42,7",96,"48,3","26,9"
1563228768,304,1144,237,415,972,470,238,,"22,9064","114,4","23,7","41,5","97,2",47,"23,8"
1563228769,305,1139,253,428,969,481,275,,"22,98175","113,9","25,3","42,8","96,9","48,1","27,5"
1563228771,306,1139,242,413,963,478,241,,"23,0571","113,9","24,2","41,3","96,3","47,8","24,1"
1563228772,307,1132,249,423,964,483,279,,"23,13245","113,2","24,9","42,3","96,4","48,3","27,9"
1563228773,308,1132,249,423,970,489,274,,"23,2078","113,2","24,9","42,3",97,"48,9","27,4"
1563228774,309,1136,249,423,970,489,274,,"23,28315","113,6","24,9","42,3",97,"48,9","27,4"
1563228775,310,1136,249,419,966,484,274,,"23,3585","113,6","24,9","41,9","96,6","48,4","27,4"
1563228776,311,1141,234,410,984,471,239,,"23,43385","114,1","23,4",41,"98,4","47,1","23,9"
1563228778,312,1140,172,338,940,506,294,,"23,5092",114,"17,2","33,8",94,"50,6","29,4"
1563228779,313,1143,250,407,967,491,282,,"23,58455","114,3",25,"40,7","96,7","49,1","28,2"
1563228780,314,1143,244,409,964,484,281,,"23,6599","114,3","24,4","40,9","96,4","48,4","28,1"
1563228781,315,1134,229,372,848,461,279,,"23,73525","113,4","22,9","37,2","84,8","46,1","27,9"
1563228782,316,1134,246,411,965,487,270,,"23,8106","113,4","24,6","41,1","96,5","48,7",27
1563228783,317,1140,246,411,965,487,270,,"23,88595",114,"24,6","41,1","96,5","48,7",27
1563228784,318,1140,240,403,963,488,283,,"23,9613",114,24,"40,3","96,3","48,8","28,3"
1563228785,319,1132,245,409,963,490,283,,"24,03665","113,2","24,5","40,9","96,3",49,"28,3"
1563228787,320,1130,241,407,963,466,246,,"24,112",113,"24,1","40,7","96,3","46,6","24,6"
1563228788,321,1124,246,412,966,489,285,,"24,18735","112,4","24,6","41,2","96,6","48,9","28,5"
1563228789,322,1124,245,412,961,494,289,,"24,2627","112,4","24,5","41,2","96,1","49,4","28,9"
1563228790,323,1130,245,412,961,494,289,,"24,33805",113,"24,5","41,2","96,1","49,4","28,9"
1563228791,324,1130,244,408,961,496,271,,"24,4134",113,"24,4","40,8","96,1","49,6","27,1"
1563228792,325,1129,248,419,957,483,277,,"24,48875","112,9","24,8","41,9","95,7","48,3","27,7"
1563228794,326,1130,248,410,993,494,264,,"24,5641",113,"24,8",41,"99,3","49,4","26,4"
1563228795,327,1125,254,414,953,483,279,,"24,63945","112,5","25,4","41,4","95,3","48,3","27,9"
1563228796,328,1125,250,404,957,487,280,,"24,7148","112,5",25,"40,4","95,7","48,7",28
1563228797,329,1128,250,404,957,487,280,,"24,79015","112,8",25,"40,4","95,7","48,7",28
1563228798,330,1128,238,409,952,487,277,,"24,8655","112,8","23,8","40,9","95,2","48,7","27,7"
1563228799,331,1125,255,406,951,490,278,,"24,94085","112,5","25,5","40,6","95,1",49,"27,8"
1563228801,332,1126,233,390,956,486,284,,"25,0162","112,6","23,3",39,"95,6","48,6","28,4"
1563228802,333,1129,242,406,953,493,280,,"25,09155","112,9","24,2","40,6","95,3","49,3",28
1563228803,334,1129,248,403,955,488,276,,"25,1669","112,9","24,8","40,3","95,5","48,8","27,6"
1563228804,335,1130,252,414,952,485,281,,"25,24225",113,"25,2","41,4","95,2","48,5","28,1"
1563228805,336,1130,239,409,950,480,274,,"25,3176",113,"23,9","40,9",95,48,"27,4"
1563228806,337,1131,244,406,954,483,269,,"25,39295","113,1","24,4","40,6","95,4","48,3","26,9"
1563228807,338,1131,247,407,955,487,290,,"25,4683","113,1","24,7","40,7","95,5","48,7",29
1563228808,339,1135,247,405,971,485,276,,"25,54365","113,5","24,7","40,5","97,1","48,5","27,6"
1563228810,340,1128,274,408,958,484,274,,"25,619","112,8","27,4","40,8","95,8","48,4","27,4"
1563228811,341,1130,251,401,960,494,270,,"25,69435",113,"25,1","40,1",96,"49,4",27
1563228812,342,1130,249,415,955,490,285,,"25,7697",113,"24,9","41,5","95,5",49,"28,5"
1563228813,343,1129,249,415,955,490,285,,"25,84505","112,9","24,9","41,5","95,5",49,"28,5"
1563228814,344,1129,245,408,958,490,283,,"25,9204","112,9","24,5","40,8","95,8",49,"28,3"
1563228815,345,1127,250,405,949,486,280,,"25,99575","112,7",25,"40,5","94,9","48,6",28
1563228817,346,1128,243,405,956,494,279,,"26,0711","112,8","24,3","40,5","95,6","49,4","27,9"
1563228819,347,1133,248,404,953,488,282,,"26,14645","113,3","24,8","40,4","95,3","48,8","28,2"
1563228820,348,1133,235,369,840,454,264,,"26,2218","113,3","23,5","36,9",84,"45,4","26,4"
1563228821,349,1132,245,408,956,490,270,,"26,29715","113,2","24,5","40,8","95,6",49,27
1563228822,350,1132,226,392,953,480,275,,"26,3725","113,2","22,6","39,2","95,3",48,"27,5"
1563228823,351,1129,226,392,953,480,275,,"26,44785","112,9","22,6","39,2","95,3",48,"27,5"
1563228824,352,1129,250,400,954,490,268,,"26,5232","112,9",25,40,"95,4",49,"26,8"
1563228825,353,1130,249,404,961,482,272,,"26,59855",113,"24,9","40,4","96,1","48,2","27,2"
1563228827,354,1130,244,403,956,486,269,,"26,6739",113,"24,4","40,3","95,6","48,6","26,9"
1563228828,355,1128,246,397,960,487,268,,"26,74925","112,8","24,6","39,7",96,"48,7","26,8"
1563228829,356,1128,237,385,922,477,262,,"26,8246","112,8","23,7","38,5","92,2","47,7","26,2"
1563228830,357,1128,237,385,922,477,262,,"26,89995","112,8","23,7","38,5","92,2","47,7","26,2"
1563228831,358,1128,250,397,954,480,278,,"26,9753","112,8",25,"39,7","95,4",48,"27,8"
1563228832,359,1125,226,363,845,447,264,,"27,05065","112,5","22,6","36,3","84,5","44,7","26,4"
1563228834,360,1132,242,398,953,478,274,,"27,126","113,2","24,2","39,8","95,3","47,8","27,4"
1563228835,361,1130,245,400,952,476,269,,"27,20135",113,"24,5",40,"95,2","47,6","26,9"
1563228836,362,1130,224,357,848,457,267,,"27,2767",113,"22,4","35,7","84,8","45,7","26,7"
1563228837,363,1126,239,357,848,457,267,,"27,35205","112,6","23,9","35,7","84,8","45,7","26,7"
1563228838,364,1126,240,393,957,488,266,,"27,4274","112,6",24,"39,3","95,7","48,8","26,6"
1563228839,365,1124,243,393,959,478,269,,"27,50275","112,4","24,3","39,3","95,9","47,8","26,9"
1563228840,366,1124,239,396,957,485,279,,"27,5781","112,4","23,9","39,6","95,7","48,5","27,9"
1563228841,367,1129,249,402,953,480,279,,"27,65345","112,9","24,9","40,2","95,3",48,"27,9"
1563228842,368,1126,242,400,958,471,275,,"27,7288","112,6","24,2",40,"95,8","47,1","27,5"
1563228843,369,1126,244,398,960,485,276,,"27,80415","112,6","24,4","39,8",96,"48,5","27,6"
1563228844,370,1137,223,386,959,481,278,,"27,8795","113,7","22,3","38,6","95,9","48,1","27,8"
1563228845,371,1137,244,406,956,482,281,,"27,95485","113,7","24,4","40,6","95,6","48,2","28,1"
1563228846,372,1137,244,406,956,482,281,,"28,0302","113,7","24,4","40,6","95,6","48,2","28,1"
1563228848,373,1139,246,404,955,481,276,,"28,10555","113,9","24,6","40,4","95,5","48,1","27,6"
1563228849,374,1142,239,397,962,465,253,,"28,1809","114,2","23,9","39,7","96,2","46,5","25,3"
1563228850,375,1142,239,381,918,473,278,,"28,25625","114,2","23,9","38,1","91,8","47,3","27,8"
1563228851,376,1140,239,381,918,473,278,,"28,3316",114,"23,9","38,1","91,8","47,3","27,8"
1563228852,377,1140,244,402,957,486,283,,"28,40695",114,"24,4","40,2","95,7","48,6","28,3"
1563228853,378,1143,240,398,962,482,280,,"28,4823","114,3",24,"39,8","96,2","48,2",28
1563228855,379,1145,240,396,963,480,282,,"28,55765","114,5",24,"39,6","96,3",48,"28,2"
1563228856,380,1138,242,400,964,478,289,,"28,633","113,8","24,2",40,"96,4","47,8","28,9"
1563228857,381,1138,243,397,963,482,277,,"28,70835","113,8","24,3","39,7","96,3","48,2","27,7"
1563228858,382,1134,245,394,964,487,291,,"28,7837","113,4","24,5","39,4","96,4","48,7","29,1"
1563228859,383,1134,250,398,960,487,292,,"28,85905","113,4",25,"39,8",96,"48,7","29,2"
1563228860,384,1139,250,398,960,487,292,,"28,9344","113,9",25,"39,8",96,"48,7","29,2"
1563228861,385,1139,245,397,965,485,275,,"29,00975","113,9","24,5","39,7","96,5","48,5","27,5"
1563228862,386,1141,231,368,964,492,286,,"29,0851","114,1","23,1","36,8","96,4","49,2","28,6"
1563228864,387,1146,233,383,926,471,288,,"29,16045","114,6","23,3","38,3","92,6","47,1","28,8"
1563228865,388,1142,238,395,1001,488,288,,"29,2358","114,2","23,8","39,5","100,1","48,8","28,8"
1563228866,389,1142,228,352,850,458,288,,"29,31115","114,2","22,8","35,2",85,"45,8","28,8"
1563228867,390,1138,228,352,850,458,288,,"29,3865","113,8","22,8","35,2",85,"45,8","28,8"
1563228868,391,1138,245,386,965,490,291,,"29,46185","113,8","24,5","38,6","96,5",49,"29,1"
1563228869,392,1139,250,387,967,487,279,,"29,5372","113,9",25,"38,7","96,7","48,7","27,9"
1563228871,393,1142,235,380,993,491,282,,"29,61255","114,2","23,5",38,"99,3","49,1","28,2"
1563228872,394,1141,236,382,983,486,251,,"29,6879","114,1","23,6","38,2","98,3","48,6","25,1"
1563228873,395,1141,274,388,1005,486,286,,"29,76325","114,1","27,4","38,8","100,5","48,6","28,6"
1563228874,396,1141,245,390,962,495,299,,"29,8386","114,1","24,5",39,"96,2","49,5","29,9"
1563228875,397,1141,277,381,963,486,286,,"29,91395","114,1","27,7","38,1","96,3","48,6","28,6"
1563228876,398,1146,247,387,964,487,294,,"29,9893","114,6","24,7","38,7","96,4","48,7","29,4"
1563228877,399,1146,253,385,963,494,292,,"30,06465","114,6","25,3","38,5","96,3","49,4","29,2"
1563228878,400,1138,247,387,969,494,289,,"30,14","113,8","24,7","38,7","96,9","49,4","28,9"
1563228879,401,1146,255,388,968,503,290,,"30,21535","114,6","25,5","38,8","96,8","50,3",29
1563228880,402,1146,246,395,987,469,222,,"30,2907","114,6","24,6","39,5","98,7","46,9","22,2"
1563228881,403,1137,251,387,966,502,298,,"30,36605","113,7","25,1","38,7","96,6","50,2","29,8"
1563228882,404,1137,243,389,957,496,307,,"30,4414","113,7","24,3","38,9","95,7","49,6","30,7"
1563228883,405,1137,243,389,957,496,307,,"30,51675","113,7","24,3","38,9","95,7","49,6","30,7"
1563228884,406,1137,252,393,966,502,305,,"30,5921","113,7","25,2","39,3","96,6","50,2","30,5"
1563228885,407,1141,251,383,963,501,297,,"30,66745","114,1","25,1","38,3","96,3","50,1","29,7"
1563228887,408,1138,245,393,965,502,301,,"30,7428","113,8","24,5","39,3","96,5","50,2","30,1"
1563228888,409,1139,243,395,965,502,306,,"30,81815","113,9","24,3","39,5","96,5","50,2","30,6"
1563228889,410,1139,243,390,966,508,306,,"30,8935","113,9","24,3",39,"96,6","50,8","30,6"
1563228890,411,1140,243,390,966,508,306,,"30,96885",114,"24,3",39,"96,6","50,8","30,6"
1563228891,412,1140,251,394,969,499,309,,"31,0442",114,"25,1","39,4","96,9","49,9","30,9"
1563228892,413,1139,250,392,960,507,309,,"31,11955","113,9",25,"39,2",96,"50,7","30,9"
1563228894,414,1140,231,358,849,482,297,,"31,1949",114,"23,1","35,8","84,9","48,2","29,7"
1563228895,415,1136,248,401,965,504,312,,"31,27025","113,6","24,8","40,1","96,5","50,4","31,2"
1563228896,416,1136,245,408,964,507,315,,"31,3456","113,6","24,5","40,8","96,4","50,7","31,5"
1563228897,417,1134,252,409,962,507,317,,"31,42095","113,4","25,2","40,9","96,2","50,7","31,7"
1563228898,418,1134,232,360,850,471,303,,"31,4963","113,4","23,2",36,85,"47,1","30,3"
1563228899,419,1138,232,360,850,471,303,,"31,57165","113,8","23,2",36,85,"47,1","30,3"
1563228900,420,1138,251,398,964,514,312,,"31,647","113,8","25,1","39,8","96,4","51,4","31,2"
1563228901,421,1138,239,383,959,510,311,,"31,72235","113,8","23,9","38,3","95,9",51,"31,1"
1563228903,422,1136,241,390,993,489,235,,"31,7977","113,6","24,1",39,"99,3","48,9","23,5"
1563228904,423,1134,255,402,958,509,320,,"31,87305","113,4","25,5","40,2","95,8","50,9",32
1563228905,424,1134,250,401,963,509,317,,"31,9484","113,4",25,"40,1","96,3","50,9","31,7"
1563228906,425,1133,250,401,963,509,317,,"32,02375","113,3",25,"40,1","96,3","50,9","31,7"
1563228907,426,1133,263,397,967,516,327,,"32,0991","113,3","26,3","39,7","96,7","51,6","32,7"
1563228908,427,1134,251,399,962,517,318,,"32,17445","113,4","25,1","39,9","96,2","51,7","31,8"
1563228910,428,1137,252,391,961,492,303,,"32,2498","113,7","25,2","39,1","96,1","49,2","30,3"
1563228911,429,1137,234,362,849,488,315,,"32,32515","113,7","23,4","36,2","84,9","48,8","31,5"
1563228912,430,1137,235,367,846,481,310,,"32,4005","113,7","23,5","36,7","84,6","48,1",31
1563228913,431,1141,257,399,959,513,327,,"32,47585","114,1","25,7","39,9","95,9","51,3","32,7"
1563228914,432,1141,249,396,960,511,325,,"32,5512","114,1","24,9","39,6",96,"51,1","32,5"
1563228915,433,1146,249,396,960,511,325,,"32,62655","114,6","24,9","39,6",96,"51,1","32,5"
1563228916,434,1146,249,400,959,511,337,,"32,7019","114,6","24,9",40,"95,9","51,1","33,7"
1563228917,435,1145,246,409,986,478,256,,"32,77725","114,5","24,6","40,9","98,6","47,8","25,6"
1563228919,436,1147,259,407,969,516,340,,"32,8526","114,7","25,9","40,7","96,9","51,6",34
1563228920,437,1142,259,402,960,518,341,,"32,92795","114,2","25,9","40,2",96,"51,8","34,1"
1563228921,438,1142,259,402,965,516,329,,"33,0033","114,2","25,9","40,2","96,5","51,6","32,9"
1563228922,439,1146,259,402,965,516,329,,"33,07865","114,6","25,9","40,2","96,5","51,6","32,9"
1563228923,440,1146,219,380,947,537,355,,"33,154","114,6","21,9",38,"94,7","53,7","35,5"
1563228924,441,1149,261,403,964,514,337,,"33,22935","114,9","26,1","40,3","96,4","51,4","33,7"
1563228926,442,1152,249,406,969,520,327,,"33,3047","115,2","24,9","40,6","96,9",52,"32,7"
1563228927,443,1148,263,408,964,510,344,,"33,38005","114,8","26,3","40,8","96,4",51,"34,4"
1563228928,444,1148,232,366,857,489,308,,"33,4554","114,8","23,2","36,6","85,7","48,9","30,8"
1563228929,445,1149,250,404,969,515,334,,"33,53075","114,9",25,"40,4","96,9","51,5","33,4"
1563228930,446,1149,256,407,970,510,337,,"33,6061","114,9","25,6","40,7",97,51,"33,7"
1563228931,447,1148,256,407,970,510,337,,"33,68145","114,8","25,6","40,7",97,51,"33,7"
1563228932,448,1148,249,409,985,514,338,,"33,7568","114,8","24,9","40,9","98,5","51,4","33,8"
1563228933,449,1151,245,405,989,514,337,,"33,83215","115,1","24,5","40,5","98,9","51,4","33,7"
1563228935,450,1150,247,396,969,512,340,,"33,9075",115,"24,7","39,6","96,9","51,2",34
1563228936,451,1153,252,405,971,512,333,,"33,98285","115,3","25,2","40,5","97,1","51,2","33,3"
1563228938,452,1153,242,364,853,476,324,,"34,0582","115,3","24,2","36,4","85,3","47,6","32,4"
1563228939,453,1154,242,364,853,476,324,,"34,13355","115,4","24,2","36,4","85,3","47,6","32,4"
1563228940,454,1154,239,367,862,476,322,,"34,2089","115,4","23,9","36,7","86,2","47,6","32,2"
1563228941,455,1152,246,384,978,493,289,,"34,28425","115,2","24,6","38,4","97,8","49,3","28,9"
1563228943,456,1153,251,401,977,501,325,,"34,3596","115,3","25,1","40,1","97,7","50,1","32,5"
1563228944,457,1152,249,399,973,506,327,,"34,43495","115,2","24,9","39,9","97,3","50,6","32,7"
1563228945,458,1152,250,399,976,500,322,,"34,5103","115,2",25,"39,9","97,6",50,"32,2"
1563228946,459,1151,247,399,975,504,318,,"34,58565","115,1","24,7","39,9","97,5","50,4","31,8"
1563228947,460,1151,244,398,971,503,326,,"34,661","115,1","24,4","39,8","97,1","50,3","32,6"
1563228948,461,1153,247,400,976,501,328,,"34,73635","115,3","24,7",40,"97,6","50,1","32,8"
1563228949,462,1153,246,393,969,502,323,,"34,8117","115,3","24,6","39,3","96,9","50,2","32,3"
1563228950,463,1154,241,389,977,479,302,,"34,88705","115,4","24,1","38,9","97,7","47,9","30,2"
1563228951,464,1157,248,396,970,501,329,,"34,9624","115,7","24,8","39,6",97,"50,1","32,9"
1563228952,465,1157,245,396,972,493,323,,"35,03775","115,7","24,5","39,6","97,2","49,3","32,3"
1563228953,466,1160,229,391,975,493,331,,"35,1131",116,"22,9","39,1","97,5","49,3","33,1"
1563228954,467,1160,251,403,968,498,327,,"35,18845",116,"25,1","40,3","96,8","49,8","32,7"
1563228955,468,1158,251,403,968,498,327,,"35,2638","115,8","25,1","40,3","96,8","49,8","32,7"
1563228956,469,1158,249,398,974,505,328,,"35,33915","115,8","24,9","39,8","97,4","50,5","32,8"
1563228957,470,1156,247,396,936,485,323,,"35,4145","115,6","24,7","39,6","93,6","48,5","32,3"
1563228959,471,1159,247,403,975,495,315,,"35,48985","115,9","24,7","40,3","97,5","49,5","31,5"
1563228960,472,1157,239,382,969,498,336,,"35,5652","115,7","23,9","38,2","96,9","49,8","33,6"
1563228961,473,1157,253,400,974,500,323,,"35,64055","115,7","25,3",40,"97,4",50,"32,3"
1563228962,474,1159,253,400,974,500,323,,"35,7159","115,9","25,3",40,"97,4",50,"32,3"
1563228963,475,1159,248,400,973,504,322,,"35,79125","115,9","24,8",40,"97,3","50,4","32,2"
1563228964,476,1153,248,391,966,502,312,,"35,8666","115,3","24,8","39,1","96,6","50,2","31,2"
1563228966,477,1155,249,388,977,507,327,,"35,94195","115,5","24,9","38,8","97,7","50,7","32,7"
1563228967,478,1158,247,401,973,503,325,,"36,0173","115,8","24,7","40,1","97,3","50,3","32,5"
1563228968,479,1158,249,407,974,502,331,,"36,09265","115,8","24,9","40,7","97,4","50,2","33,1"
1563228969,480,1157,250,405,972,502,317,,"36,168","115,7",25,"40,5","97,2","50,2","31,7"
1563228970,481,1157,253,411,977,500,318,,"36,24335","115,7","25,3","41,1","97,7",50,"31,8"
1563228971,482,1154,253,411,977,500,318,,"36,3187","115,4","25,3","41,1","97,7",50,"31,8"
1563228972,483,1154,249,402,978,511,329,,"36,39405","115,4","24,9","40,2","97,8","51,1","32,9"
1563228973,484,1149,250,401,978,486,294,,"36,4694","114,9",25,"40,1","97,8","48,6","29,4"
1563228974,485,1149,255,414,974,505,326,,"36,54475","114,9","25,5","41,4","97,4","50,5","32,6"
1563228975,486,1149,258,410,969,495,325,,"36,6201","114,9","25,8",41,"96,9","49,5","32,5"
1563228976,487,1154,263,409,967,502,329,,"36,69545","115,4","26,3","40,9","96,7","50,2","32,9"
1563228977,488,1154,256,405,971,510,324,,"36,7708","115,4","25,6","40,5","97,1",51,"32,4"
1563228978,489,1148,256,405,971,510,324,,"36,84615","114,8","25,6","40,5","97,1",51,"32,4"
1563228979,490,1148,251,406,967,507,329,,"36,9215","114,8","25,1","40,6","96,7","50,7","32,9"
1563228980,491,1155,231,369,854,472,302,,"36,99685","115,5","23,1","36,9","85,4","47,2","30,2"
1563228982,492,1154,254,408,977,515,310,,"37,0722","115,4","25,4","40,8","97,7","51,5",31
1563228983,493,1155,259,402,973,515,315,,"37,14755","115,5","25,9","40,2","97,3","51,5","31,5"
1563228984,494,1155,254,414,973,511,319,,"37,2229","115,5","25,4","41,4","97,3","51,1","31,9"
1563228985,495,1156,254,414,973,511,319,,"37,29825","115,6","25,4","41,4","97,3","51,1","31,9"
1563228986,496,1156,251,415,974,508,330,,"37,3736","115,6","25,1","41,5","97,4","50,8",33
1563228987,497,1154,257,410,966,508,333,,"37,44895","115,4","25,7",41,"96,6","50,8","33,3"
1563228989,498,1146,246,403,974,514,329,,"37,5243","114,6","24,6","40,3","97,4","51,4","32,9"
1563228990,499,1151,254,412,961,496,322,,"37,59965","115,1","25,4","41,2","96,1","49,6","32,2"
1563228991,500,1151,243,392,974,501,322,,"37,675","115,1","24,3","39,2","97,4","50,1","32,2"
1563228992,501,1148,243,392,974,501,322,,"37,75035","114,8","24,3","39,2","97,4","50,1","32,2"
1563228993,502,1148,260,416,973,496,332,,"37,8257","114,8",26,"41,6","97,3","49,6","33,2"
1563228994,503,1149,257,414,968,493,325,,"37,90105","114,9","25,7","41,4","96,8","49,3","32,5"
1563228996,504,1150,256,415,968,499,322,,"37,9764",115,"25,6","41,5","96,8","49,9","32,2"
1563228997,505,1151,252,423,968,494,322,,"38,05175","115,1","25,2","42,3","96,8","49,4","32,2"
1563228998,506,1151,227,393,993,485,251,,"38,1271","115,1","22,7","39,3","99,3","48,5","25,1"
1563228999,507,1154,251,427,1010,490,303,,"38,20245","115,4","25,1","42,7",101,49,"30,3"
1563229000,508,1154,259,426,968,484,313,,"38,2778","115,4","25,9","42,6","96,8","48,4","31,3"
1563229001,509,1157,252,419,974,472,284,,"38,35315","115,7","25,2","41,9","97,4","47,2","28,4"
1563229002,510,1157,253,424,972,485,323,,"38,4285","115,7","25,3","42,4","97,2","48,5","32,3"
1563229003,511,1154,239,408,916,442,275,,"38,50385","115,4","23,9","40,8","91,6","44,2","27,5"
1563229004,512,1158,257,421,976,487,326,,"38,5792","115,8","25,7","42,1","97,6","48,7","32,6"
1563229005,513,1158,254,425,976,488,313,,"38,65455","115,8","25,4","42,5","97,6","48,8","31,3"
1563229006,514,1163,260,427,982,492,331,,"38,7299","116,3",26,"42,7","98,2","49,2","33,1"
1563229007,515,1163,258,427,976,485,322,,"38,80525","116,3","25,8","42,7","97,6","48,5","32,2"
1563229008,516,1160,258,427,976,485,322,,"38,8806",116,"25,8","42,7","97,6","48,5","32,2"
1563229009,517,1160,251,427,975,486,328,,"38,95595",116,"25,1","42,7","97,5","48,6","32,8"
1563229010,518,1160,234,388,863,466,305,,"39,0313",116,"23,4","38,8","86,3","46,6","30,5"
1563229012,519,1157,253,420,978,500,331,,"39,10665","115,7","25,3",42,"97,8",50,"33,1"
1563229013,520,1164,252,427,978,490,330,,"39,182","116,4","25,2","42,7","97,8",49,33
1563229014,521,1164,253,421,979,495,318,,"39,25735","116,4","25,3","42,1","97,9","49,5","31,8"
1563229015,522,1158,253,421,979,495,318,,"39,3327","115,8","25,3","42,1","97,9","49,5","31,8"
1563229016,523,1158,250,421,983,492,318,,"39,40805","115,8",25,"42,1","98,3","49,2","31,8"
1563229017,524,1160,254,420,976,493,331,,"39,4834",116,"25,4",42,"97,6","49,3","33,1"
1563229019,525,1168,205,402,956,507,331,,"39,55875","116,8","20,5","40,2","95,6","50,7","33,1"
1563229020,526,1168,211,402,950,507,353,,"39,6341","116,8","21,1","40,2",95,"50,7","35,3"
1563229021,527,1168,253,438,1031,502,326,,"39,70945","116,8","25,3","43,8","103,1","50,2","32,6"
1563229022,528,1167,256,428,986,493,325,,"39,7848","116,7","25,6","42,8","98,6","49,3","32,5"
1563229023,529,1167,251,427,983,499,325,,"39,86015","116,7","25,1","42,7","98,3","49,9","32,5"
1563229024,530,1173,251,429,991,502,330,,"39,9355","117,3","25,1","42,9","99,1","50,2",33
1563229025,531,1173,250,427,993,507,332,,"40,01085","117,3",25,"42,7","99,3","50,7","33,2"
1563229026,532,1178,263,427,995,501,328,,"40,0862","117,8","26,3","42,7","99,5","50,1","32,8"
1563229027,533,1181,170,332,1163,32767,219,,"40,16155","118,1",17,"33,2","116,3","3276,7","21,9"
1563229028,534,1181,234,412,982,487,338,,"40,2369","118,1","23,4","41,2","98,2","48,7","33,8"
1563229029,535,1175,239,390,874,467,321,,"40,31225","117,5","23,9",39,"87,4","46,7","32,1"
1563229030,536,1175,262,436,995,491,325,,"40,3876","117,5","26,2","43,6","99,5","49,1","32,5"
1563229031,537,1177,262,436,995,491,325,,"40,46295","117,7","26,2","43,6","99,5","49,1","32,5"
1563229032,538,1177,248,418,996,496,326,,"40,5383","117,7","24,8","41,8","99,6","49,6","32,6"
1563229033,539,1175,294,438,994,488,331,,"40,61365","117,5","29,4","43,8","99,4","48,8","33,1"
1563229035,540,1178,226,366,789,369,201,,"40,689","117,8","22,6","36,6","78,9","36,9","20,1"
1563229036,541,1175,264,440,987,487,329,,"40,76435","117,5","26,4",44,"98,7","48,7","32,9"
1563229037,542,1175,264,438,992,493,326,,"40,8397","117,5","26,4","43,8","99,2","49,3","32,6"
1563229038,543,1176,238,438,992,493,326,,"40,91505","117,6","23,8","43,8","99,2","49,3","32,6"
1563229039,544,1176,255,439,993,485,324,,"40,9904","117,6","25,5","43,9","99,3","48,5","32,4"
1563229040,545,1176,261,440,998,484,330,,"41,06575","117,6","26,1",44,"99,8","48,4",33
1563229042,546,1174,253,437,994,478,324,,"41,1411","117,4","25,3","43,7","99,4","47,8","32,4"
1563229043,547,1177,255,434,985,482,319,,"41,21645","117,7","25,5","43,4","98,5","48,2","31,9"
1563229044,548,1177,258,434,989,483,313,,"41,2918","117,7","25,8","43,4","98,9","48,3","31,3"
1563229045,549,1175,258,439,994,479,330,,"41,36715","117,5","25,8","43,9","99,4","47,9",33
1563229046,550,1175,242,414,994,479,326,,"41,4425","117,5","24,2","41,4","99,4","47,9","32,6"
1563229047,551,1172,242,414,994,479,326,,"41,51785","117,2","24,2","41,4","99,4","47,9","32,6"
1563229048,552,1172,258,427,995,483,314,,"41,5932","117,2","25,8","42,7","99,5","48,3","31,4"
1563229049,553,1168,255,436,996,488,324,,"41,66855","116,8","25,5","43,6","99,6","48,8","32,4"
1563229051,554,1169,239,442,1013,493,294,,"41,7439","116,9","23,9","44,2","101,3","49,3","29,4"
1563229052,555,1168,254,439,988,484,334,,"41,81925","116,8","25,4","43,9","98,8","48,4","33,4"
1563229053,556,1168,258,434,986,476,321,,"41,8946","116,8","25,8","43,4","98,6","47,6","32,1"
1563229054,557,1158,258,434,986,476,321,,"41,96995","115,8","25,8","43,4","98,6","47,6","32,1"
1563229055,558,1158,254,438,987,473,333,,"42,0453","115,8","25,4","43,8","98,7","47,3","33,3"
1563229057,559,1161,247,434,984,476,320,,"42,12065","116,1","24,7","43,4","98,4","47,6",32
1563229059,560,1160,249,440,976,474,326,,"42,196",116,"24,9",44,"97,6","47,4","32,6"
1563229060,561,1159,258,436,978,474,323,,"42,27135","115,9","25,8","43,6","97,8","47,4","32,3"
1563229061,562,1159,256,435,979,474,322,,"42,3467","115,9","25,6","43,5","97,9","47,4","32,2"
1563229062,563,1159,252,434,973,474,320,,"42,42205","115,9","25,2","43,4","97,3","47,4",32
1563229063,564,1159,251,432,971,470,310,,"42,4974","115,9","25,1","43,2","97,1",47,31
1563229064,565,1159,251,432,971,470,310,,"42,57275","115,9","25,1","43,2","97,1",47,31
1563229065,566,1159,238,402,866,443,306,,"42,6481","115,9","23,8","40,2","86,6","44,3","30,6"
1563229066,567,1156,240,404,856,444,301,,"42,72345","115,6",24,"40,4","85,6","44,4","30,1"
1563229068,568,1156,257,439,974,479,307,,"42,7988","115,6","25,7","43,9","97,4","47,9","30,7"
1563229069,569,1158,254,440,973,486,318,,"42,87415","115,8","25,4",44,"97,3","48,6","31,8"
1563229070,570,1158,259,438,971,481,320,,"42,9495","115,8","25,9","43,8","97,1","48,1",32
1563229071,571,1157,259,438,971,481,320,,"43,02485","115,7","25,9","43,8","97,1","48,1",32
1563229072,572,1157,232,440,992,487,249,,"43,1002","115,7","23,2",44,"99,2","48,7","24,9"
1563229073,573,1154,261,437,973,481,301,,"43,17555","115,4","26,1","43,7","97,3","48,1","30,1"
1563229075,574,1153,254,439,971,478,311,,"43,2509","115,3","25,4","43,9","97,1","47,8","31,1"
1563229076,575,1152,261,438,975,488,318,,"43,32625","115,2","26,1","43,8","97,5","48,8","31,8"
1563229077,576,1152,251,439,970,484,322,,"43,4016","115,2","25,1","43,9",97,"48,4","32,2"
1563229078,577,1156,212,390,32767,490,426,,"43,47695","115,6","21,2",39,"3276,7",49,"42,6"
1563229079,578,1156,257,437,971,484,323,,"43,5523","115,6","25,7","43,7","97,1","48,4","32,3"
1563229080,579,1153,258,442,969,477,311,,"43,62765","115,3","25,8","44,2","96,9","47,7","31,1"
1563229081,580,1153,255,439,968,483,324,,"43,703","115,3","25,5","43,9","96,8","48,3","32,4"
1563229082,581,1154,255,440,968,480,321,,"43,77835","115,4","25,5",44,"96,8",48,"32,1"
1563229083,582,1154,233,424,972,475,313,,"43,8537","115,4","23,3","42,4","97,2","47,5","31,3"
1563229084,583,1154,255,436,967,484,309,,"43,92905","115,4","25,5","43,6","96,7","48,4","30,9"
1563229085,584,1159,255,434,971,474,307,,"44,0044","115,9","25,5","43,4","97,1","47,4","30,7"
1563229086,585,1159,260,436,964,480,307,,"44,07975","115,9",26,"43,6","96,4",48,"30,7"
1563229087,586,1152,260,436,964,480,307,,"44,1551","115,2",26,"43,6","96,4",48,"30,7"
1563229088,587,1152,258,434,968,482,319,,"44,23045","115,2","25,8","43,4","96,8","48,2","31,9"
1563229089,588,1150,261,431,966,489,313,,"44,3058",115,"26,1","43,1","96,6","48,9","31,3"
1563229091,589,1152,234,387,852,445,299,,"44,38115","115,2","23,4","38,7","85,2","44,5","29,9"
1563229092,590,1153,243,422,968,465,269,,"44,4565","115,3","24,3","42,2","96,8","46,5","26,9"
1563229093,591,1153,254,426,963,480,314,,"44,53185","115,3","25,4","42,6","96,3",48,"31,4"
1563229094,592,1156,254,426,963,480,314,,"44,6072","115,6","25,4","42,6","96,3",48,"31,4"
1563229095,593,1156,249,419,962,486,313,,"44,68255","115,6","24,9","41,9","96,2","48,6","31,3"
1563229096,594,1151,255,428,959,483,310,,"44,7579","115,1","25,5","42,8","95,9","48,3",31
1563229098,595,1154,247,429,959,489,314,,"44,83325","115,4","24,7","42,9","95,9","48,9","31,4"
1563229099,596,1150,253,436,963,478,311,,"44,9086",115,"25,3","43,6","96,3","47,8","31,1"
1563229100,597,1150,259,439,961,479,317,,"44,98395",115,"25,9","43,9","96,1","47,9","31,7"
1563229101,598,1151,253,435,955,483,319,,"45,0593","115,1","25,3","43,5","95,5","48,3","31,9"
1563229102,599,1151,238,402,850,460,302,,"45,13465","115,1","23,8","40,2",85,46,"30,2"
1563229103,600,1154,238,402,850,460,302,,"45,21","115,4","23,8","40,2",85,46,"30,2"
1563229104,601,1154,259,441,962,487,321,,"45,28535","115,4","25,9","44,1","96,2","48,7","32,1"
1563229105,602,1153,257,437,957,486,311,,"45,3607","115,3","25,7","43,7","95,7","48,6","31,1"
1563229107,603,1153,258,435,965,462,274,,"45,43605","115,3","25,8","43,5","96,5","46,2","27,4"
1563229108,604,1155,241,399,850,456,304,,"45,5114","115,5","24,1","39,9",85,"45,6","30,4"
1563229109,605,1155,258,435,954,479,304,,"45,58675","115,5","25,8","43,5","95,4","47,9","30,4"
1563229110,606,1149,258,435,954,479,304,,"45,6621","114,9","25,8","43,5","95,4","47,9","30,4"
1563229111,607,1149,254,441,955,480,320,,"45,73745","114,9","25,4","44,1","95,5",48,32
1563229112,608,1153,241,445,981,460,260,,"45,8128","115,3","24,1","44,5","98,1",46,26
1563229114,609,1154,232,388,853,452,296,,"45,88815","115,4","23,2","38,8","85,3","45,2","29,6"
1563229115,610,1161,138,402,946,488,324,,"45,9635","116,1","13,8","40,2","94,6","48,8","32,4"
1563229116,611,1161,254,427,956,475,310,,"46,03885","116,1","25,4","42,7","95,6","47,5",31
1563229117,612,1159,253,435,964,479,309,,"46,1142","115,9","25,3","43,5","96,4","47,9","30,9"
1563229118,613,1159,255,434,959,469,298,,"46,18955","115,9","25,5","43,4","95,9","46,9","29,8"
1563229119,614,1164,255,434,959,469,298,,"46,2649","116,4","25,5","43,4","95,9","46,9","29,8"
1563229120,615,1164,260,434,961,474,308,,"46,34025","116,4",26,"43,4","96,1","47,4","30,8"
1563229121,616,1168,272,437,954,480,308,,"46,4156","116,8","27,2","43,7","95,4",48,"30,8"
1563229123,617,1162,258,438,966,482,316,,"46,49095","116,2","25,8","43,8","96,6","48,2","31,6"
1563229124,618,1167,246,430,971,462,286,,"46,5663","116,7","24,6",43,"97,1","46,2","28,6"
1563229125,619,1167,255,432,960,481,308,,"46,64165","116,7","25,5","43,2",96,"48,1","30,8"
1563229126,620,1163,255,432,960,481,308,,"46,717","116,3","25,5","43,2",96,"48,1","30,8"
1563229127,621,1163,228,411,973,482,309,,"46,79235","116,3","22,8","41,1","97,3","48,2","30,9"
1563229128,622,1162,257,435,967,485,309,,"46,8677","116,2","25,7","43,5","96,7","48,5","30,9"
1563229130,623,1156,257,434,961,482,306,,"46,94305","115,6","25,7","43,4","96,1","48,2","30,6"
1563229131,624,1159,259,435,961,482,312,,"47,0184","115,9","25,9","43,5","96,1","48,2","31,2"
1563229132,625,1159,257,430,969,480,308,,"47,09375","115,9","25,7",43,"96,9",48,"30,8"
1563229133,626,1159,250,431,965,478,315,,"47,1691","115,9",25,"43,1","96,5","47,8","31,5"
1563229134,627,1159,253,429,964,480,298,,"47,24445","115,9","25,3","42,9","96,4",48,"29,8"
1563229135,628,1160,253,429,964,480,298,,"47,3198",116,"25,3","42,9","96,4",48,"29,8"
1563229136,629,1160,206,403,937,476,331,,"47,39515",116,"20,6","40,3","93,7","47,6","33,1"
1563229137,630,1157,253,428,964,468,319,,"47,4705","115,7","25,3","42,8","96,4","46,8","31,9"
1563229138,631,1158,215,357,850,450,291,,"47,54585","115,8","21,5","35,7",85,45,"29,1"
1563229139,632,1158,206,388,930,484,329,,"47,6212","115,8","20,6","38,8",93,"48,4","32,9"
1563229140,633,1165,250,423,960,472,308,,"47,69655","116,5",25,"42,3",96,"47,2","30,8"
1563229141,634,1165,253,426,965,475,307,,"47,7719","116,5","25,3","42,6","96,5","47,5","30,7"
1563229142,635,1167,253,426,965,475,307,,"47,84725","116,7","25,3","42,6","96,5","47,5","30,7"
1563229143,636,1167,249,425,968,473,302,,"47,9226","116,7","24,9","42,5","96,8","47,3","30,2"
1563229144,637,1157,252,424,964,478,315,,"47,99795","115,7","25,2","42,4","96,4","47,8","31,5"
1563229146,638,1148,172,264,635,394,276,,"48,0733","114,8","17,2","26,4","63,5","39,4","27,6"
1563229147,639,1149,251,419,960,486,302,,"48,14865","114,9","25,1","41,9",96,"48,6","30,2"
1563229148,640,1149,250,416,962,493,304,,"48,224","114,9",25,"41,6","96,2","49,3","30,4"
1563229149,641,1143,250,412,963,495,303,,"48,29935","114,3",25,"41,2","96,3","49,5","30,3"
1563229150,642,1143,232,377,846,454,309,,"48,3747","114,3","23,2","37,7","84,6","45,4","30,9"
1563229151,643,1144,252,415,988,482,295,,"48,45005","114,4","25,2","41,5","98,8","48,2","29,5"
1563229152,644,1144,251,412,960,481,313,,"48,5254","114,4","25,1","41,2",96,"48,1","31,3"
1563229153,645,1142,254,414,954,477,310,,"48,60075","114,2","25,4","41,4","95,4","47,7",31
1563229154,646,1145,247,411,962,479,309,,"48,6761","114,5","24,7","41,1","96,2","47,9","30,9"
1563229155,647,1145,252,412,952,478,318,,"48,75145","114,5","25,2","41,2","95,2","47,8","31,8"
1563229156,648,1144,253,415,950,475,315,,"48,8268","114,4","25,3","41,5",95,"47,5","31,5"
1563229157,649,1144,254,410,948,482,311,,"48,90215","114,4","25,4",41,"94,8","48,2","31,1"
1563229158,650,1142,254,410,948,482,311,,"48,9775","114,2","25,4",41,"94,8","48,2","31,1"
1563229159,651,1142,244,413,954,481,307,,"49,05285","114,2","24,4","41,3","95,4","48,1","30,7"
1563229160,652,1138,236,391,953,482,309,,"49,1282","113,8","23,6","39,1","95,3","48,2","30,9"
1563229162,653,1143,253,400,951,484,304,,"49,20355","114,3","25,3",40,"95,1","48,4","30,4"
1563229163,654,1142,256,404,949,474,313,,"49,2789","114,2","25,6","40,4","94,9","47,4","31,3"
1563229164,655,1142,247,404,953,485,310,,"49,35425","114,2","24,7","40,4","95,3","48,5",31
1563229165,656,1140,247,404,953,485,310,,"49,4296",114,"24,7","40,4","95,3","48,5",31
1563229166,657,1140,245,410,955,474,312,,"49,50495",114,"24,5",41,"95,5","47,4","31,2"
1563229167,658,1141,254,404,950,480,313,,"49,5803","114,1","25,4","40,4",95,48,"31,3"
1563229169,659,1140,251,400,950,481,301,,"49,65565",114,"25,1",40,95,"48,1","30,1"
1563229170,660,1143,245,403,949,475,304,,"49,731","114,3","24,5","40,3","94,9","47,5","30,4"
1563229171,661,1143,217,360,837,422,256,,"49,80635","114,3","21,7",36,"83,7","42,2","25,6"
1563229172,662,1147,247,402,951,483,315,,"49,8817","114,7","24,7","40,2","95,1","48,3","31,5"
1563229173,663,1147,245,399,950,478,313,,"49,95705","114,7","24,5","39,9",95,"47,8","31,3"
1563229174,664,1143,233,480,32767,2249,169,,"50,0324","114,3","23,3",48,"3276,7","224,9","16,9"
1563229177,665,1150,248,400,947,467,317,,"50,10775",115,"24,8",40,"94,7","46,7","31,7"
1563229178,666,1149,237,396,951,453,278,,"50,1831","114,9","23,7","39,6","95,1","45,3","27,8"
1563229179,667,1149,238,403,956,458,307,,"50,25845","114,9","23,8","40,3","95,6","45,8","30,7"
1563229180,668,1143,246,403,951,459,303,,"50,3338","114,3","24,6","40,3","95,1","45,9","30,3"
1563229181,669,1143,245,410,950,461,311,,"50,40915","114,3","24,5",41,95,"46,1","31,1"
1563229182,670,1150,245,410,950,461,311,,"50,4845",115,"24,5",41,95,"46,1","31,1"
1563229183,671,1150,234,393,950,450,303,,"50,55985",115,"23,4","39,3",95,45,"30,3"
1563229184,672,1153,244,406,948,449,294,,"50,6352","115,3","24,4","40,6","94,8","44,9","29,4"
1563229186,673,1154,247,415,948,438,309,,"50,71055","115,4","24,7","41,5","94,8","43,8","30,9"
1563229187,674,1152,252,413,949,439,310,,"50,7859","115,2","25,2","41,3","94,9","43,9",31
1563229188,675,1152,247,411,949,435,311,,"50,86125","115,2","24,7","41,1","94,9","43,5","31,1"
1563229189,676,1153,247,411,949,435,311,,"50,9366","115,3","24,7","41,1","94,9","43,5","31,1"
1563229190,677,1153,244,410,954,442,308,,"51,01195","115,3","24,4",41,"95,4","44,2","30,8"
1563229191,678,1148,248,410,951,433,303,,"51,0873","114,8","24,8",41,"95,1","43,3","30,3"
1563229193,679,1141,244,404,946,440,308,,"51,16265","114,1","24,4","40,4","94,6",44,"30,8"
1563229194,680,1147,249,405,950,435,312,,"51,238","114,7","24,9","40,5",95,"43,5","31,2"
1563229195,681,1147,250,412,954,438,310,,"51,31335","114,7",25,"41,2","95,4","43,8",31
1563229196,682,1144,250,412,954,438,310,,"51,3887","114,4",25,"41,2","95,4","43,8",31
1563229197,683,1144,246,406,950,444,312,,"51,46405","114,4","24,6","40,6",95,"44,4","31,2"
1563229198,684,1144,210,388,940,453,327,,"51,5394","114,4",21,"38,8",94,"45,3","32,7"
1563229200,685,1142,250,410,954,447,316,,"51,61475","114,2",25,41,"95,4","44,7","31,6"
1563229201,686,1140,241,400,958,450,314,,"51,6901",114,"24,1",40,"95,8",45,"31,4"
1563229202,687,1140,247,406,949,437,322,,"51,76545",114,"24,7","40,6","94,9","43,7","32,2"
1563229203,688,1136,245,404,951,434,313,,"51,8408","113,6","24,5","40,4","95,1","43,4","31,3"
1563229204,689,1136,238,410,948,433,319,,"51,91615","113,6","23,8",41,"94,8","43,3","31,9"
1563229205,690,1129,240,399,951,413,279,,"51,9915","112,9",24,"39,9","95,1","41,3","27,9"
1563229206,691,1128,242,394,950,420,271,,"52,06685","112,8","24,2","39,4",95,42,"27,1"
1563229207,692,1128,244,406,946,422,309,,"52,1422","112,8","24,4","40,6","94,6","42,2","30,9"
1563229208,693,1123,240,400,938,414,304,,"52,21755","112,3",24,40,"93,8","41,4","30,4"
1563229209,694,1123,219,358,840,374,266,,"52,2929","112,3","21,9","35,8",84,"37,4","26,6"
1563229210,695,1119,245,407,935,413,321,,"52,36825","111,9","24,5","40,7","93,5","41,3","32,1"
1563229211,696,1119,269,400,937,396,286,,"52,4436","111,9","26,9",40,"93,7","39,6","28,6"
1563229212,697,1119,269,400,937,396,286,,"52,51895","111,9","26,9",40,"93,7","39,6","28,6"
1563229213,698,1119,241,398,932,410,309,,"52,5943","111,9","24,1","39,8","93,2",41,"30,9"
1563229214,699,1121,245,403,928,405,310,,"52,66965","112,1","24,5","40,3","92,8","40,5",31
1563229216,700,1118,226,379,930,401,305,,"52,745","111,8","22,6","37,9",93,"40,1","30,5"
1563229217,701,1116,238,390,907,377,302,,"52,82035","111,6","23,8",39,"90,7","37,7","30,2"
1563229218,702,1116,237,395,908,379,307,,"52,8957","111,6","23,7","39,5","90,8","37,9","30,7"
1563229219,703,1116,237,395,908,379,307,,"52,97105","111,6","23,7","39,5","90,8","37,9","30,7"
1563229220,704,1116,244,402,930,386,309,,"53,0464","111,6","24,4","40,2",93,"38,6","30,9"
1563229221,705,1115,240,398,925,385,313,,"53,12175","111,5",24,"39,8","92,5","38,5","31,3"
1563229223,706,1118,233,391,935,371,250,,"53,1971","111,8","23,3","39,1","93,5","37,1",25
1563229224,707,1119,241,392,918,393,308,,"53,27245","111,9","24,1","39,2","91,8","39,3","30,8"
1563229225,708,1119,241,385,920,385,302,,"53,3478","111,9","24,1","38,5",92,"38,5","30,2"
1563229226,709,1116,246,390,927,391,309,,"53,42315","111,6","24,6",39,"92,7","39,1","30,9"
1563229227,710,1116,236,389,932,401,295,,"53,4985","111,6","23,6","38,9","93,2","40,1","29,5"
1563229228,711,1111,241,389,923,394,295,,"53,57385","111,1","24,1","38,9","92,3","39,4","29,5"
1563229229,712,1112,241,387,923,386,303,,"53,6492","111,2","24,1","38,7","92,3","38,6","30,3"
1563229230,713,1112,240,389,924,391,305,,"53,72455","111,2",24,"38,9","92,4","39,1","30,5"
1563229231,714,1117,243,384,918,399,299,,"53,7999","111,7","24,3","38,4","91,8","39,9","29,9"
1563229232,715,1117,241,392,918,379,309,,"53,87525","111,7","24,1","39,2","91,8","37,9","30,9"
1563229233,716,1096,237,389,917,380,314,,"53,9506","109,6","23,7","38,9","91,7",38,"31,4"
1563229234,717,1096,243,396,921,377,303,,"54,02595","109,6","24,3","39,6","92,1","37,7","30,3"
1563229235,718,1072,243,396,921,377,303,,"54,1013","107,2","24,3","39,6","92,1","37,7","30,3"
1563229236,719,1072,243,389,917,382,312,,"54,17665","107,2","24,3","38,9","91,7","38,2","31,2"
1563229237,720,1063,231,379,910,402,309,,"54,252","106,3","23,1","37,9",91,"40,2","30,9"
1563229239,721,1062,224,384,901,388,308,,"54,32735","106,2","22,4","38,4","90,1","38,8","30,8"
1563229240,722,1052,241,377,902,391,307,,"54,4027","105,2","24,1","37,7","90,2","39,1","30,7"
1563229241,723,1052,247,376,900,392,299,,"54,47805","105,2","24,7","37,6",90,"39,2","29,9"
1563229242,724,1056,247,376,900,392,299,,"54,5534","105,6","24,7","37,6",90,"39,2","29,9"
1563229243,725,1056,228,353,892,395,295,,"54,62875","105,6","22,8","35,3","89,2","39,5","29,5"
1563229244,726,1047,240,374,890,384,299,,"54,7041","104,7",24,"37,4",89,"38,4","29,9"
1563229246,727,1048,237,372,879,382,312,,"54,77945","104,8","23,7","37,2","87,9","38,2","31,2"
1563229247,728,1047,238,371,879,382,312,,"54,8548","104,7","23,8","37,1","87,9","38,2","31,2"
1563229248,729,1047,236,369,874,382,305,,"54,93015","104,7","23,6","36,9","87,4","38,2","30,5"
1563229249,730,1041,236,369,874,382,305,,"55,0055","104,1","23,6","36,9","87,4","38,2","30,5"
1563229250,731,1041,196,339,851,411,312,,"55,08085","104,1","19,6","33,9","85,1","41,1","31,2"
1563229251,732,1044,236,364,902,379,297,,"55,1562","104,4","23,6","36,4","90,2","37,9","29,7"
1563229253,733,1036,187,299,688,284,251,,"55,23155","103,6","18,7","29,9","68,8","28,4","25,1"
1563229254,734,1045,221,349,872,380,298,,"55,3069","104,5","22,1","34,9","87,2",38,"29,8"
1563229255,735,1045,222,351,872,385,302,,"55,38225","104,5","22,2","35,1","87,2","38,5","30,2"
1563229256,736,1055,237,364,866,384,296,,"55,4576","105,5","23,7","36,4","86,6","38,4","29,6"
1563229257,737,1055,239,365,870,389,299,,"55,53295","105,5","23,9","36,5",87,"38,9","29,9"
1563229258,738,1054,239,365,870,389,299,,"55,6083","105,4","23,9","36,5",87,"38,9","29,9"
1563229259,739,1054,239,362,885,388,294,,"55,68365","105,4","23,9","36,2","88,5","38,8","29,4"
1563229260,740,1057,238,363,871,388,299,,"55,759","105,7","23,8","36,3","87,1","38,8","29,9"
1563229261,741,1063,234,357,869,390,289,,"55,83435","106,3","23,4","35,7","86,9",39,"28,9"
1563229262,742,1063,233,362,875,390,296,,"55,9097","106,3","23,3","36,2","87,5",39,"29,6"
1563229263,743,1042,237,370,876,390,295,,"55,98505","104,2","23,7",37,"87,6",39,"29,5"
1563229264,744,1042,239,362,882,403,304,,"56,0604","104,2","23,9","36,2","88,2","40,3","30,4"
1563229265,745,1055,239,362,882,403,304,,"56,13575","105,5","23,9","36,2","88,2","40,3","30,4"
1563229266,746,1055,217,320,777,373,274,,"56,2111","105,5","21,7",32,"77,7","37,3","27,4"
1563229267,747,1044,219,326,776,368,281,,"56,28645","104,4","21,9","32,6","77,6","36,8","28,1"
1563229269,748,1040,223,321,772,367,283,,"56,3618",104,"22,3","32,1","77,2","36,7","28,3"
1563229270,749,1034,236,357,865,394,307,,"56,43715","103,4","23,6","35,7","86,5","39,4","30,7"
1563229271,750,1034,235,342,860,395,261,,"56,5125","103,4","23,5","34,2",86,"39,5","26,1"
1563229272,751,1037,219,322,767,376,278,,"56,58785","103,7","21,9","32,2","76,7","37,6","27,8"
1563229273,752,1037,237,348,858,393,295,,"56,6632","103,7","23,7","34,8","85,8","39,3","29,5"
1563229274,753,1047,237,348,858,393,295,,"56,73855","104,7","23,7","34,8","85,8","39,3","29,5"
1563229275,754,1047,197,330,833,406,306,,"56,8139","104,7","19,7",33,"83,3","40,6","30,6"
1563229276,755,1041,249,352,852,394,298,,"56,88925","104,1","24,9","35,2","85,2","39,4","29,8"
1563229278,756,1035,239,346,851,391,301,,"56,9646","103,5","23,9","34,6","85,1","39,1","30,1"
1563229279,757,1032,243,345,850,397,290,,"57,03995","103,2","24,3","34,5",85,"39,7",29
1563229280,758,1032,237,349,851,395,294,,"57,1153","103,2","23,7","34,9","85,1","39,5","29,4"
1563229281,759,1028,237,349,851,395,294,,"57,19065","102,8","23,7","34,9","85,1","39,5","29,4"
1563229282,760,1028,240,342,852,392,298,,"57,266","102,8",24,"34,2","85,2","39,2","29,8"
1563229283,761,1029,241,348,845,393,305,,"57,34135","102,9","24,1","34,8","84,5","39,3","30,5"
1563229285,762,1029,238,334,842,390,289,,"57,4167","102,9","23,8","33,4","84,2",39,"28,9"
1563229286,763,1031,161,191,490,316,272,,"57,49205","103,1","16,1","19,1",49,"31,6","27,2"
1563229287,764,1031,239,342,843,386,296,,"57,5674","103,1","23,9","34,2","84,3","38,6","29,6"
1563229288,765,1033,216,324,842,378,284,,"57,64275","103,3","21,6","32,4","84,2","37,8","28,4"
1563229289,766,1033,193,319,822,396,319,,"57,7181","103,3","19,3","31,9","82,2","39,6","31,9"
1563229290,767,1032,220,318,838,387,286,,"57,79345","103,2",22,"31,8","83,8","38,7","28,6"
1563229292,768,1042,186,307,808,416,312,,"57,8688","104,2","18,6","30,7","80,8","41,6","31,2"
1563229294,769,1041,240,335,843,387,301,,"57,94415","104,1",24,"33,5","84,3","38,7","30,1"
1563229295,770,1041,242,327,838,383,299,,"58,0195","104,1","24,2","32,7","83,8","38,3","29,9"
1563229296,771,1047,239,328,842,379,298,,"58,09485","104,7","23,9","32,8","84,2","37,9","29,8"
1563229297,772,1047,267,330,842,385,290,,"58,1702","104,7","26,7",33,"84,2","38,5",29
1563229298,773,1055,267,330,842,385,290,,"58,24555","105,5","26,7",33,"84,2","38,5",29
1563229299,774,1055,238,320,832,388,297,,"58,3209","105,5","23,8",32,"83,2","38,8","29,7"
1563229300,775,1053,235,311,828,389,279,,"58,39625","105,3","23,5","31,1","82,8","38,9","27,9"
1563229302,776,1048,229,318,827,357,261,,"58,4716","104,8","22,9","31,8","82,7","35,7","26,1"
1563229303,777,1047,226,315,853,356,250,,"58,54695","104,7","22,6","31,5","85,3","35,6",25
1563229304,778,1047,232,313,826,368,299,,"58,6223","104,7","23,2","31,3","82,6","36,8","29,9"
1563229305,779,1049,232,313,826,368,299,,"58,69765","104,9","23,2","31,3","82,6","36,8","29,9"
1563229306,780,1049,196,301,804,396,313,,"58,773","104,9","19,6","30,1","80,4","39,6","31,3"
1563229307,781,1047,234,318,834,363,295,,"58,84835","104,7","23,4","31,8","83,4","36,3","29,5"
1563229309,782,1046,240,313,820,374,283,,"58,9237","104,6",24,"31,3",82,"37,4","28,3"
1563229310,783,1057,237,317,824,362,285,,"58,99905","105,7","23,7","31,7","82,4","36,2","28,5"
1563229311,784,1057,248,315,830,368,295,,"59,0744","105,7","24,8","31,5",83,"36,8","29,5"
1563229312,785,1056,248,315,830,368,295,,"59,14975","105,6","24,8","31,5",83,"36,8","29,5"
1563229313,786,1056,236,317,824,354,295,,"59,2251","105,6","23,6","31,7","82,4","35,4","29,5"
1563229314,787,1048,240,316,829,349,284,,"59,30045","104,8",24,"31,6","82,9","34,9","28,4"
1563229316,788,1045,213,310,836,341,220,,"59,3758","104,5","21,3",31,"83,6","34,1",22
1563229317,789,1057,218,310,838,355,260,,"59,45115","105,7","21,8",31,"83,8","35,5",26
1563229318,790,1057,226,280,726,338,282,,"59,5265","105,7","22,6",28,"72,6","33,8","28,2"
1563229319,791,1048,242,304,813,361,288,,"59,60185","104,8","24,2","30,4","81,3","36,1","28,8"
1563229320,792,1048,243,309,824,351,297,,"59,6772","104,8","24,3","30,9","82,4","35,1","29,7"
1563229321,793,1045,243,304,817,357,283,,"59,75255","104,5","24,3","30,4","81,7","35,7","28,3"
1563229323,794,1040,226,298,824,349,292,,"59,8279",104,"22,6","29,8","82,4","34,9","29,2"
1563229324,795,960,249,311,815,340,301,,"59,90325",96,"24,9","31,1","81,5",34,"30,1"
1563229325,796,960,234,299,815,342,266,,"59,9786",96,"23,4","29,9","81,5","34,2","26,6"
1563229326,797,939,252,302,812,352,290,,"60,05395","93,9","25,2","30,2","81,2","35,2",29
1563229327,798,939,239,309,793,343,283,,"60,1293","93,9","23,9","30,9","79,3","34,3","28,3"
1563229328,799,918,239,309,793,343,283,,"60,20465","91,8","23,9","30,9","79,3","34,3","28,3"
1563229329,800,918,212,286,760,358,309,,"60,28","91,8","21,2","28,6",76,"35,8","30,9"
1563229330,801,912,245,309,763,341,295,,"60,35535","91,2","24,5","30,9","76,3","34,1","29,5"
1563229332,802,907,239,303,743,344,288,,"60,4307","90,7","23,9","30,3","74,3","34,4","28,8"
1563229333,803,926,232,292,729,320,264,,"60,50605","92,6","23,2","29,2","72,9",32,"26,4"
1563229334,804,926,158,234,698,368,304,,"60,5814","92,6","15,8","23,4","69,8","36,8","30,4"
1563229335,805,928,158,234,698,368,304,,"60,65675","92,8","15,8","23,4","69,8","36,8","30,4"
1563229336,806,928,239,299,718,335,289,,"60,7321","92,8","23,9","29,9","71,8","33,5","28,9"
1563229337,807,927,243,298,717,345,286,,"60,80745","92,7","24,3","29,8","71,7","34,5","28,6"
1563229339,808,916,240,298,712,341,289,,"60,8828","91,6",24,"29,8","71,2","34,1","28,9"
1563229340,809,905,247,298,705,338,291,,"60,95815","90,5","24,7","29,8","70,5","33,8","29,1"
1563229341,810,905,242,297,697,350,288,,"61,0335","90,5","24,2","29,7","69,7",35,"28,8"
1563229342,811,893,243,297,699,352,284,,"61,10885","89,3","24,3","29,7","69,9","35,2","28,4"
1563229343,812,893,229,288,696,338,296,,"61,1842","89,3","22,9","28,8","69,6","33,8","29,6"
1563229344,813,895,249,296,691,343,291,,"61,25955","89,5","24,9","29,6","69,1","34,3","29,1"
1563229346,814,892,235,291,671,335,279,,"61,3349","89,2","23,5","29,1","67,1","33,5","27,9"
1563229347,815,889,230,295,687,325,281,,"61,41025","88,9",23,"29,5","68,7","32,5","28,1"
1563229348,816,889,244,292,671,343,294,,"61,4856","88,9","24,4","29,2","67,1","34,3","29,4"
1563229349,817,901,240,299,673,340,273,,"61,56095","90,1",24,"29,9","67,3",34,"27,3"
1563229350,818,901,240,291,672,337,296,,"61,6363","90,1",24,"29,1","67,2","33,7","29,6"
1563229351,819,897,240,291,672,337,296,,"61,71165","89,7",24,"29,1","67,2","33,7","29,6"
1563229352,820,897,245,291,665,334,286,,"61,787","89,7","24,5","29,1","66,5","33,4","28,6"
1563229353,821,863,223,260,591,311,284,,"61,86235","86,3","22,3",26,"59,1","31,1","28,4"
1563229355,822,763,225,297,656,340,300,,"61,9377","76,3","22,5","29,7","65,6",34,30
1563229356,823,729,232,288,648,333,296,,"62,01305","72,9","23,2","28,8","64,8","33,3","29,6"
1563229357,824,729,191,268,617,334,312,,"62,0884","72,9","19,1","26,8","61,7","33,4","31,2"
1563229358,825,719,191,268,617,334,312,,"62,16375","71,9","19,1","26,8","61,7","33,4","31,2"
1563229359,826,719,239,274,602,309,271,,"62,2391","71,9","23,9","27,4","60,2","30,9","27,1"
1563229360,827,707,204,267,602,337,308,,"62,31445","70,7","20,4","26,7","60,2","33,7","30,8"
1563229362,828,693,243,282,576,326,297,,"62,3898","69,3","24,3","28,2","57,6","32,6","29,7"
1563229363,829,689,243,288,562,322,297,,"62,46515","68,9","24,3","28,8","56,2","32,2","29,7"
1563229364,830,689,270,282,553,314,295,,"62,5405","68,9",27,"28,2","55,3","31,4","29,5"
1563229365,831,674,246,287,549,311,295,,"62,61585","67,4","24,6","28,7","54,9","31,1","29,5"
1563229366,832,674,241,281,547,315,297,,"62,6912","67,4","24,1","28,1","54,7","31,5","29,7"
1563229367,833,668,241,281,547,315,297,,"62,76655","66,8","24,1","28,1","54,7","31,5","29,7"
1563229368,834,668,239,280,539,304,300,,"62,8419","66,8","23,9",28,"53,9","30,4",30
1563229369,835,666,242,284,525,304,297,,"62,91725","66,6","24,2","28,4","52,5","30,4","29,7"
1563229371,836,658,220,244,456,293,276,,"62,9926","65,8",22,"24,4","45,6","29,3","27,6"
1563229372,837,659,237,274,501,306,291,,"63,06795","65,9","23,7","27,4","50,1","30,6","29,1"
1563229373,838,659,247,273,494,310,284,,"63,1433","65,9","24,7","27,3","49,4",31,"28,4"
1563229374,839,663,247,273,494,310,284,,"63,21865","66,3","24,7","27,3","49,4",31,"28,4"
1563229375,840,663,244,277,498,308,292,,"63,294","66,3","24,4","27,7","49,8","30,8","29,2"
1563229376,841,664,240,276,474,291,278,,"63,36935","66,4",24,"27,6","47,4","29,1","27,8"
1563229378,842,652,267,281,474,305,290,,"63,4447","65,2","26,7","28,1","47,4","30,5",29
1563229379,843,672,271,285,475,291,279,,"63,52005","67,2","27,1","28,5","47,5","29,1","27,9"
1563229380,844,672,233,256,427,275,288,,"63,5954","67,2","23,3","25,6","42,7","27,5","28,8"
1563229381,845,657,233,256,427,275,288,,"63,67075","65,7","23,3","25,6","42,7","27,5","28,8"
1563229382,846,657,244,282,465,296,290,,"63,7461","65,7","24,4","28,2","46,5","29,6",29
1563229383,847,598,266,277,469,298,295,,"63,82145","59,8","26,6","27,7","46,9","29,8","29,5"
1563229385,848,537,240,280,454,292,296,,"63,8968","53,7",24,28,"45,4","29,2","29,6"
1563229386,849,506,242,277,448,286,290,,"63,97215","50,6","24,2","27,7","44,8","28,6",29
1563229387,850,506,234,271,441,289,275,,"64,0475","50,6","23,4","27,1","44,1","28,9","27,5"
1563229388,851,482,234,276,432,290,293,,"64,12285","48,2","23,4","27,6","43,2",29,"29,3"
1563229389,852,482,222,246,382,277,278,,"64,1982","48,2","22,2","24,6","38,2","27,7","27,8"
1563229390,853,471,223,255,369,273,276,,"64,27355","47,1","22,3","25,5","36,9","27,3","27,6"
1563229392,854,478,216,248,373,273,268,,"64,3489","47,8","21,6","24,8","37,3","27,3","26,8"
1563229392,855,478,270,273,411,292,302,,"64,42425","47,8",27,"27,3","41,1","29,2","30,2"
1563229393,856,467,240,284,406,280,299,,"64,4996","46,7",24,"28,4","40,6",28,"29,9"
1563229394,857,467,241,273,399,286,296,,"64,57495","46,7","24,1","27,3","39,9","28,6","29,6"
1563229395,858,470,243,265,394,288,288,,"64,6503",47,"24,3","26,5","39,4","28,8","28,8"
1563229396,859,470,221,242,352,267,272,,"64,72565",47,"22,1","24,2","35,2","26,7","27,2"
1563229397,860,460,221,242,352,267,272,,"64,801",46,"22,1","24,2","35,2","26,7","27,2"
1563229398,861,460,238,266,372,289,302,,"64,87635",46,"23,8","26,6","37,2","28,9","30,2"
1563229399,862,468,209,261,384,286,314,,"64,9517","46,8","20,9","26,1","38,4","28,6","31,4"
1563229401,863,449,241,274,367,283,296,,"65,02705","44,9","24,1","27,4","36,7","28,3","29,6"
1563229402,864,441,239,258,349,265,263,,"65,1024","44,1","23,9","25,8","34,9","26,5","26,3"
1563229403,865,441,241,267,348,269,266,,"65,17775","44,1","24,1","26,7","34,8","26,9","26,6"
1563229404,866,440,241,267,348,269,266,,"65,2531",44,"24,1","26,7","34,8","26,9","26,6"
1563229405,867,440,231,271,353,283,289,,"65,32845",44,"23,1","27,1","35,3","28,3","28,9"
1563229406,868,437,241,276,349,279,298,,"65,4038","43,7","24,1","27,6","34,9","27,9","29,8"
1563229408,869,428,236,274,353,277,288,,"65,47915","42,8","23,6","27,4","35,3","27,7","28,8"
1563229409,870,423,237,273,339,270,290,,"65,5545","42,3","23,7","27,3","33,9",27,29
1563229410,871,423,234,243,303,259,281,,"65,62985","42,3","23,4","24,3","30,3","25,9","28,1"
1563229411,872,425,239,273,337,271,292,,"65,7052","42,5","23,9","27,3","33,7","27,1","29,2"
1563229413,873,425,212,254,335,276,296,,"65,78055","42,5","21,2","25,4","33,5","27,6","29,6"
1563229414,874,416,240,267,335,277,285,,"65,8559","41,6",24,"26,7","33,5","27,7","28,5"
1563229415,875,382,240,267,318,276,287,,"65,93125","38,2",24,"26,7","31,8","27,6","28,7"
1563229416,876,382,240,266,331,272,293,,"66,0066","38,2",24,"26,6","33,1","27,2","29,3"
1563229417,877,368,245,273,329,280,295,,"66,08195","36,8","24,5","27,3","32,9",28,"29,5"
1563229418,878,368,224,261,326,269,288,,"66,1573","36,8","22,4","26,1","32,6","26,9","28,8"
1563229419,879,358,239,274,322,271,302,,"66,23265","35,8","23,9","27,4","32,2","27,1","30,2"
1563229420,880,358,238,273,328,274,286,,"66,308","35,8","23,8","27,3","32,8","27,4","28,6"
1563229421,881,348,238,273,328,274,286,,"66,38335","34,8","23,8","27,3","32,8","27,4","28,6"
1563229422,882,348,240,269,318,282,301,,"66,4587","34,8",24,"26,9","31,8","28,2","30,1"
1563229423,883,343,244,271,315,269,293,,"66,53405","34,3","24,4","27,1","31,5","26,9","29,3"
1563229425,884,337,240,274,306,266,291,,"66,6094","33,7",24,"27,4","30,6","26,6","29,1"
1563229426,885,331,180,220,267,258,268,,"66,68475","33,1",18,22,"26,7","25,8","26,8"
1563229427,886,331,243,266,303,272,286,,"66,7601","33,1","24,3","26,6","30,3","27,2","28,6"
1563229428,887,327,243,266,303,272,286,,"66,83545","32,7","24,3","26,6","30,3","27,2","28,6"
1563229429,888,327,227,252,297,263,290,,"66,9108","32,7","22,7","25,2","29,7","26,3",29
1563229430,889,322,239,261,291,261,293,,"66,98615","32,2","23,9","26,1","29,1","26,1","29,3"
1563229432,890,317,236,267,292,268,296,,"67,0615","31,7","23,6","26,7","29,2","26,8","29,6"
1563229433,891,313,243,272,293,267,297,,"67,13685","31,3","24,3","27,2","29,3","26,7","29,7"
1563229434,892,313,206,251,296,275,310,,"67,2122","31,3","20,6","25,1","29,6","27,5",31
1563229435,893,310,239,261,287,271,286,,"67,28755",31,"23,9","26,1","28,7","27,1","28,6"
1563229436,894,310,223,260,285,265,290,,"67,3629",31,"22,3",26,"28,5","26,5",29
1563229437,895,309,223,260,285,265,290,,"67,43825","30,9","22,3",26,"28,5","26,5",29
1563229438,896,309,226,255,280,263,283,,"67,5136","30,9","22,6","25,5",28,"26,3","28,3"
1563229439,897,304,230,249,259,248,253,,"67,58895","30,4",23,"24,9","25,9","24,8","25,3"
1563229440,898,304,230,267,276,253,275,,"67,6643","30,4",23,"26,7","27,6","25,3","27,5"
1563229441,899,304,235,268,272,251,282,,"67,73965","30,4","23,5","26,8","27,2","25,1","28,2"